terrestrial_date,id,sol,ls,month,min_temp,pressure
2012-08-16,2,10,155,6,-75.0,739.0
2012-08-17,13,11,156,6,-76.0,740.0
2012-08-18,24,12,156,6,-76.0,741.0
2012-08-19,35,13,157,6,-74.0,732.0
2012-08-20,46,14,157,6,-74.0,740.0
2012-08-21,57,15,158,6,-78.0,740.0
2012-08-22,68,16,158,6,-77.0,740.0
2012-08-23,79,17,159,6,-76.0,742.0
2012-08-27,112,21,161,6,-74.0,741.0
2012-08-28,114,22,162,6,-74.0,742.0
2012-08-29,123,23,162,6,-75.0,741.0
2012-08-30,134,24,163,6,-75.0,742.0
2012-08-31,145,25,163,6,-75.0,743.0
2012-09-01,156,26,164,6,-76.0,745.0
2012-09-02,163,27,164,6,-75.0,743.0
2012-09-03,170,28,165,6,-75.0,745.0
2012-09-04,171,29,166,6,-75.0,747.0
2012-09-05,172,30,166,6,-74.0,747.0
2012-09-06,173,31,167,6,-74.0,745.0
2012-09-08,175,33,168,6,-73.0,748.0
2012-09-10,176,34,168,6,-73.0,748.0
2012-09-11,177,35,169,6,-73.0,749.0
2012-09-12,178,36,169,6,-73.0,750.0
2012-09-13,179,37,170,6,-73.0,750.0
2012-09-14,180,38,171,6,-73.0,750.0
2012-09-15,181,39,171,6,-75.0,751.0
2012-09-16,182,40,172,6,-75.0,753.0
2012-09-17,183,41,172,6,-75.0,753.0
2012-09-18,184,42,173,6,-75.0,754.0
2012-09-19,185,43,173,6,-74.0,756.0
2012-09-20,186,44,174,6,-75.0,757.0
2012-09-21,187,45,175,6,-74.0,758.0
2012-09-22,188,46,175,6,-74.0,758.0
2012-09-23,189,47,176,6,-75.0,758.0
2012-09-24,190,48,176,6,-75.0,759.0
2012-09-25,191,49,177,6,-74.0,761.0
2012-09-26,192,50,177,6,-72.0,761.0
2012-09-27,193,51,178,6,-76.0,762.0
2012-09-28,194,52,179,6,-74.0,762.0
2012-09-29,195,53,179,6,-71.0,764.0
2012-09-30,196,54,180,7,-72.0,766.0
2012-10-01,197,55,180,7,-74.0,766.0
2012-10-02,198,56,181,7,-73.0,768.0
2012-10-03,199,57,181,7,-73.0,769.0
2012-10-04,200,58,182,7,-74.0,769.0
2012-10-05,201,59,183,7,-76.0,771.0
2012-10-06,202,60,183,7,-75.0,772.0
2012-10-07,203,61,184,7,-72.0,772.0
2012-10-08,204,62,184,7,-72.0,774.0
2012-10-09,205,63,185,7,-73.0,775.0
2012-10-10,206,64,186,7,-74.0,776.0
2012-10-11,207,65,186,7,-72.0,777.0
2012-10-12,208,66,187,7,-73.0,778.0
2012-10-13,209,67,187,7,-73.0,780.0
2012-10-14,210,68,188,7,-71.0,781.0
2012-10-15,211,69,189,7,-73.0,778.0
2012-10-17,212,70,189,7,-72.0,783.0
2012-10-18,213,71,190,7,-71.0,784.0
2012-10-19,214,72,190,7,-73.0,785.0
2012-10-20,215,73,191,7,-70.0,788.0
2012-10-21,216,74,192,7,-72.0,790.0
2012-10-22,217,75,192,7,-73.0,791.0
2012-10-23,218,76,193,7,-73.0,792.0
2012-10-24,219,77,193,7,-71.0,792.0
2012-10-25,220,78,194,7,-71.0,793.0
2012-10-26,221,79,195,7,-73.0,795.0
2012-10-27,222,80,195,7,-70.0,796.0
2012-10-28,223,81,196,7,-72.0,798.0
2012-10-29,224,82,196,7,-72.0,799.0
2012-10-30,225,83,197,7,-72.0,801.0
2012-10-31,226,84,198,7,-70.0,801.0
2012-11-01,227,85,198,7,-71.0,805.0
2012-11-02,228,86,199,7,-71.0,808.0
2012-11-03,229,87,199,7,-70.0,808.0
2012-11-04,230,88,200,7,-70.0,811.0
2012-11-05,231,89,201,7,-73.0,813.0
2012-11-06,233,90,201,7,-71.0,813.0
2012-11-07,234,91,202,7,-74.0,817.0
2012-11-08,235,92,202,7,-74.0,820.0
2012-11-09,236,93,203,7,-72.0,819.0
2012-11-10,237,94,204,7,-70.0,822.0
2012-11-11,238,95,204,7,-68.0,822.0
2012-11-12,239,96,205,7,-71.0,826.0
2012-11-13,240,97,206,7,-68.0,828.0
2012-11-14,241,98,206,7,-68.0,828.0
2012-11-15,242,99,207,7,-68.0,829.0
2012-11-16,3,100,207,7,-66.0,829.0
2012-11-17,4,101,208,7,-65.0,830.0
2012-11-18,5,102,209,7,-67.0,833.0
2012-11-19,6,103,209,7,-66.0,836.0
2012-11-20,7,104,210,8,-67.0,838.0
2012-11-21,8,105,211,8,-66.0,839.0
2012-11-23,9,106,211,8,-66.0,841.0
2012-11-24,10,107,212,8,-66.0,844.0
2012-11-25,11,108,212,8,-65.0,845.0
2012-11-26,12,109,213,8,-64.0,844.0
2012-11-27,14,110,214,8,-65.0,848.0
2012-11-28,15,111,214,8,-66.0,849.0
2012-11-29,16,112,215,8,-65.0,852.0
2012-11-30,17,113,216,8,-66.0,857.0
2012-12-01,18,114,216,8,-69.0,857.0
2012-12-02,19,115,217,8,-66.0,857.0
2012-12-03,20,116,217,8,-67.0,859.0
2012-12-04,21,117,218,8,-66.0,861.0
2012-12-05,22,118,219,8,-65.0,864.0
2012-12-06,23,119,219,8,-66.0,866.0
2012-12-07,25,120,220,8,-67.0,867.0
2012-12-08,26,121,221,8,-66.0,869.0
2012-12-09,27,122,221,8,-65.0,869.0
2012-12-10,28,123,222,8,-66.0,875.0
2012-12-11,29,124,223,8,-66.0,876.0
2012-12-12,30,125,223,8,-68.0,880.0
2012-12-13,31,126,224,8,-66.0,880.0
2012-12-14,32,127,224,8,-67.0,884.0
2012-12-15,33,128,225,8,-67.0,883.0
2012-12-16,34,129,226,8,-65.0,886.0
2012-12-17,36,130,226,8,-65.0,888.0
2012-12-18,37,131,227,8,-65.0,889.0
2012-12-19,38,132,228,8,-65.0,890.0
2012-12-20,39,133,228,8,-65.0,891.0
2012-12-21,40,134,229,8,-67.0,893.0
2012-12-22,41,135,230,8,-65.0,894.0
2012-12-23,42,136,230,8,-65.0,897.0
2012-12-24,43,137,231,8,-64.0,896.0
2012-12-25,44,138,232,8,-65.0,899.0
2012-12-26,45,139,232,8,-66.0,899.0
2012-12-27,47,140,233,8,-66.0,903.0
2012-12-28,48,141,233,8,-64.0,904.0
2012-12-29,49,142,234,8,-65.0,906.0
2012-12-31,50,143,235,8,-63.0,908.0
2013-01-01,51,144,235,8,-64.0,907.0
2013-01-02,52,145,236,8,-64.0,909.0
2013-01-03,53,146,237,8,-65.0,908.0
2013-01-04,54,147,237,8,-65.0,914.0
2013-01-05,55,148,238,8,-65.0,912.0
2013-01-06,56,149,239,8,-65.0,914.0
2013-01-07,58,150,239,8,-64.0,913.0
2013-01-08,59,151,240,9,-65.0,915.0
2013-01-09,60,152,241,9,-63.0,914.0
2013-01-10,61,153,241,9,-65.0,915.0
2013-01-11,62,154,242,9,-65.0,917.0
2013-01-12,63,155,243,9,-64.0,917.0
2013-01-13,64,156,243,9,-65.0,922.0
2013-01-14,65,157,244,9,-64.0,920.0
2013-01-15,66,158,245,9,-66.0,922.0
2013-01-16,67,159,245,9,-65.0,918.0
2013-01-17,69,160,246,9,-67.0,919.0
2013-01-18,70,161,246,9,-65.0,919.0
2013-01-19,71,162,247,9,-65.0,919.0
2013-01-20,72,163,248,9,-65.0,919.0
2013-01-21,73,164,248,9,-64.0,919.0
2013-01-22,74,165,249,9,-65.0,922.0
2013-01-23,75,166,250,9,-65.0,922.0
2013-01-24,76,167,250,9,-65.0,920.0
2013-01-25,77,168,251,9,-66.0,923.0
2013-01-26,78,169,252,9,-66.0,922.0
2013-01-27,80,170,252,9,-66.0,925.0
2013-01-28,81,171,253,9,-67.0,925.0
2013-01-29,82,172,254,9,-67.0,923.0
2013-01-30,83,173,254,9,-67.0,920.0
2013-01-31,84,174,255,9,-67.0,921.0
2013-02-01,85,175,256,9,-68.0,921.0
2013-02-02,86,176,256,9,-67.0,920.0
2013-02-03,87,177,257,9,-66.0,921.0
2013-02-04,88,178,258,9,-66.0,920.0
2013-02-06,89,179,258,9,-66.0,920.0
2013-02-07,91,180,259,9,-67.0,919.0
2013-02-08,92,181,260,9,-67.0,918.0
2013-02-09,93,182,260,9,-67.0,921.0
2013-02-10,94,183,261,9,-67.0,921.0
2013-02-11,95,184,261,9,-67.0,923.0
2013-02-12,96,185,262,9,-67.0,923.0
2013-02-13,97,186,263,9,-66.0,922.0
2013-02-14,98,187,263,9,-67.0,921.0
2013-02-15,99,188,264,9,-68.0,920.0
2013-02-16,100,189,265,9,-68.0,920.0
2013-02-17,102,190,265,9,-66.0,917.0
2013-02-18,103,191,266,9,-67.0,921.0
2013-02-23,106,196,269,9,-66.0,916.0
2013-02-24,107,197,270,10,-68.0,915.0
2013-02-25,108,198,271,10,-67.0,914.0
2013-02-26,109,199,271,10,-66.0,917.0
2013-03-23,116,223,287,10,-71.0,895.0
2013-03-24,117,224,287,10,-69.0,894.0
2013-03-25,118,225,288,10,-71.0,894.0
2013-03-26,119,226,288,10,-70.0,894.0
2013-03-27,120,227,289,10,-70.0,892.0
2013-03-28,121,228,290,10,-71.0,894.0
2013-03-29,122,229,290,10,-69.0,894.0
2013-03-30,124,230,291,10,-69.0,888.0
2013-03-31,125,231,292,10,-71.0,890.0
2013-04-01,126,232,292,10,-69.0,888.0
2013-04-02,127,233,293,10,-69.0,889.0
2013-04-03,128,234,293,10,-69.0,890.0
2013-04-04,129,235,294,10,-70.0,886.0
2013-04-05,130,236,295,10,-72.0,886.0
2013-04-06,131,237,295,10,-71.0,883.0
2013-04-07,132,238,296,10,-70.0,885.0
2013-04-08,133,239,297,10,-73.0,885.0
2013-04-09,135,240,297,10,-70.0,884.0
2013-04-10,136,241,298,10,-72.0,884.0
2013-04-11,137,242,298,10,-70.0,881.0
2013-04-12,138,243,299,10,-71.0,884.0
2013-04-13,139,244,300,11,-69.0,878.0
2013-04-14,140,245,300,11,-70.0,879.0
2013-04-15,141,246,301,11,-73.0,878.0
2013-04-16,142,247,301,11,-71.0,873.0
2013-04-17,143,248,302,11,-70.0,877.0
2013-04-18,144,249,303,11,-69.0,873.0
2013-04-19,146,250,303,11,-70.0,877.0
2013-04-20,147,251,304,11,-71.0,876.0
2013-04-22,148,252,304,11,-71.0,874.0
2013-04-23,149,253,305,11,-71.0,877.0
2013-04-24,150,254,306,11,-70.0,871.0
2013-04-25,151,255,306,11,-69.0,877.0
2013-04-26,152,256,307,11,-70.0,871.0
2013-04-27,153,257,308,11,-70.0,871.0
2013-04-28,154,258,308,11,-71.0,869.0
2013-04-29,155,259,309,11,-72.0,871.0
2013-04-30,157,260,309,11,-70.0,875.0
2013-05-01,158,261,310,11,-70.0,868.0
2013-05-08,161,268,314,11,-70.0,864.0
2013-05-09,162,269,315,11,-72.0,866.0
2013-05-10,164,270,315,11,-67.0,863.0
2013-05-11,165,271,316,11,-69.0,864.0
2013-05-12,166,272,316,11,-71.0,864.0
2013-05-13,167,273,317,11,-70.0,861.0
2013-05-14,168,274,318,11,-70.0,861.0
2013-05-15,169,275,318,11,-67.0,860.0
2013-05-16,244,276,319,11,-69.0,858.0
2013-05-17,245,277,319,11,-69.0,857.0
2013-05-18,246,278,320,11,-67.0,855.0
2013-05-19,247,279,321,11,-68.0,856.0
2013-05-20,248,280,321,11,-69.0,856.0
2013-05-21,249,281,322,11,-68.0,855.0
2013-05-22,250,282,322,11,-72.0,856.0
2013-05-23,251,283,323,11,-68.0,854.0
2013-05-24,252,284,323,11,-71.0,854.0
2013-05-25,253,285,324,11,-70.0,852.0
2013-05-26,254,286,325,11,-71.0,854.0
2013-05-27,255,287,325,11,-72.0,856.0
2013-05-29,256,288,326,11,-69.0,854.0
2013-05-30,257,289,326,11,-71.0,854.0
2013-05-31,258,290,327,11,-71.0,853.0
2013-06-01,259,291,327,11,-70.0,853.0
2013-06-02,260,292,328,11,-71.0,853.0
2013-06-03,261,293,329,11,-72.0,850.0
2013-06-04,262,294,329,11,-72.0,852.0
2013-06-05,263,295,330,12,-71.0,853.0
2013-06-06,264,296,330,12,-71.0,850.0
2013-06-07,265,297,331,12,-72.0,849.0
2013-06-08,266,298,331,12,-72.0,850.0
2013-06-09,267,299,332,12,-71.0,849.0
2013-06-10,286,300,333,12,-72.0,852.0
2013-06-11,276,301,333,12,-73.0,852.0
2013-06-12,287,302,334,12,-71.0,850.0
2013-06-13,283,303,334,12,-71.0,849.0
2013-06-14,281,304,335,12,-70.0,848.0
2013-06-15,275,305,335,12,-71.0,847.0
2013-06-16,280,306,336,12,-71.0,848.0
2013-06-17,279,307,336,12,-72.0,851.0
2013-06-18,282,308,337,12,-73.0,850.0
2013-06-19,284,309,338,12,-72.0,848.0
2013-06-20,278,310,338,12,-71.0,849.0
2013-06-21,277,311,339,12,-74.0,846.0
2013-06-22,285,312,339,12,-71.0,845.0
2013-06-23,274,313,340,12,-77.0,849.0
2013-06-24,272,314,340,12,-73.0,848.0
2013-06-25,273,315,341,12,-74.0,850.0
2013-06-26,288,316,341,12,-74.0,851.0
2013-06-27,268,317,342,12,-72.0,849.0
2013-06-28,270,318,342,12,-74.0,849.0
2013-06-29,271,319,343,12,-73.0,847.0
2013-06-30,269,320,344,12,-74.0,846.0
2013-07-01,289,321,344,12,-75.0,847.0
2013-07-02,291,322,345,12,-74.0,849.0
2013-07-03,290,323,345,12,-74.0,847.0
2013-07-04,292,324,346,12,-75.0,850.0
2013-07-06,294,325,346,12,-74.0,847.0
2013-07-07,295,326,347,12,-72.0,848.0
2013-07-08,296,327,347,12,-74.0,848.0
2013-07-09,293,328,348,12,-75.0,847.0
2013-07-10,298,329,348,12,-74.0,847.0
2013-07-11,297,330,349,12,-75.0,848.0
2013-07-12,303,331,349,12,-74.0,848.0
2013-07-13,300,332,350,12,-76.0,849.0
2013-07-14,299,333,350,12,-75.0,849.0
2013-07-15,301,334,351,12,-74.0,852.0
2013-07-16,302,335,352,12,-76.0,852.0
2013-07-17,305,336,352,12,-76.0,852.0
2013-07-18,304,337,353,12,-75.0,853.0
2013-07-19,306,338,353,12,-78.0,848.0
2013-07-20,308,339,354,12,-76.0,849.0
2013-07-21,307,340,354,12,-76.0,851.0
2013-07-22,310,341,355,12,-77.0,852.0
2013-07-23,309,342,355,12,-76.0,851.0
2013-07-24,311,343,356,12,-77.0,850.0
2013-07-25,317,344,356,12,-77.0,851.0
2013-07-26,312,345,357,12,-77.0,853.0
2013-07-27,314,346,357,12,-76.0,853.0
2013-07-28,313,347,358,12,-77.0,851.0
2013-07-29,315,348,358,12,-74.0,850.0
2013-07-30,316,349,359,12,-75.0,852.0
2013-07-31,318,350,359,12,-76.0,853.0
2013-08-01,320,351,0,1,-75.0,853.0
2013-08-02,319,352,0,1,-77.0,854.0
2013-08-03,323,353,1,1,-75.0,855.0
2013-08-04,322,354,1,1,-75.0,857.0
2013-08-05,321,355,2,1,-75.0,857.0
2013-08-06,324,356,2,1,-77.0,856.0
2013-08-07,325,357,3,1,-76.0,857.0
2013-08-17,326,366,7,1,-76.0,861.0
2013-08-18,328,367,8,1,-76.0,862.0
2013-08-19,330,368,8,1,-77.0,863.0
2013-08-20,331,369,9,1,-75.0,865.0
2013-08-21,332,370,9,1,-79.0,865.0
2013-08-22,333,371,10,1,-77.0,865.0
2013-08-23,334,372,10,1,-76.0,866.0
2013-08-24,335,373,11,1,-79.0,866.0
2013-08-25,337,374,11,1,-79.0,866.0
2013-08-26,336,375,12,1,-77.0,867.0
2013-08-27,340,376,12,1,-78.0,870.0
2013-08-28,338,377,13,1,-78.0,870.0
2013-08-29,339,378,13,1,-78.0,869.0
2013-08-30,341,379,14,1,-79.0,870.0
2013-08-31,343,380,14,1,-79.0,870.0
2013-09-01,345,381,15,1,-79.0,871.0
2013-09-02,344,382,15,1,-76.0,872.0
2013-09-03,342,383,16,1,-77.0,874.0
2013-09-04,346,384,16,1,-77.0,875.0
2013-09-05,351,385,17,1,-78.0,874.0
2013-09-06,347,386,17,1,-77.0,873.0
2013-09-07,349,387,18,1,-78.0,874.0
2013-09-08,350,388,18,1,-79.0,875.0
2013-09-09,348,389,19,1,-79.0,875.0
2013-09-10,352,390,19,1,-78.0,875.0
2013-09-11,353,391,20,1,-78.0,875.0
2013-09-12,354,392,20,1,-77.0,876.0
2013-09-13,355,393,21,1,-76.0,877.0
2013-09-14,356,394,21,1,-79.0,878.0
2013-09-15,357,395,22,1,-77.0,878.0
2013-09-16,358,396,22,1,-78.0,879.0
2013-09-18,359,397,23,1,-75.0,880.0
2013-09-19,360,398,23,1,-79.0,880.0
2013-09-20,361,399,24,1,-79.0,881.0
2013-09-21,363,400,24,1,-79.0,881.0
2013-09-22,362,401,25,1,-79.0,882.0
2013-09-23,365,402,25,1,-78.0,883.0
2013-09-24,364,403,25,1,-80.0,883.0
2013-09-25,367,404,26,1,-78.0,884.0
2013-09-26,366,405,26,1,-82.0,885.0
2013-09-27,374,406,27,1,-81.0,886.0
2013-09-28,370,407,27,1,-81.0,887.0
2013-09-29,369,408,28,1,-80.0,887.0
2013-09-30,368,409,28,1,-81.0,887.0
2013-10-01,373,410,29,1,-81.0,888.0
2013-10-02,372,411,29,1,-82.0,887.0
2013-10-03,371,412,30,2,-80.0,888.0
2013-10-04,376,413,30,2,-82.0,888.0
2013-10-05,375,414,31,2,-79.0,889.0
2013-10-06,377,415,31,2,-82.0,890.0
2013-10-07,378,416,32,2,-79.0,889.0
2013-10-08,379,417,32,2,-82.0,890.0
2013-10-09,380,418,33,2,-79.0,891.0
2013-10-10,381,419,33,2,-82.0,891.0
2013-10-11,385,420,33,2,-80.0,892.0
2013-10-12,382,421,34,2,-81.0,890.0
2013-10-13,384,422,34,2,-82.0,891.0
2013-10-14,383,423,35,2,-81.0,892.0
2013-10-15,386,424,35,2,-81.0,893.0
2013-10-16,393,425,36,2,-81.0,893.0
2013-10-17,388,426,36,2,-79.0,893.0
2013-10-18,392,427,37,2,-81.0,893.0
2013-10-19,391,428,37,2,-81.0,894.0
2013-10-20,387,429,38,2,-82.0,895.0
2013-10-21,390,430,38,2,-82.0,896.0
2013-10-22,389,431,39,2,-83.0,895.0
2013-10-23,395,432,39,2,-80.0,896.0
2013-10-24,394,433,40,2,-81.0,895.0
2013-10-26,397,434,40,2,-80.0,896.0
2013-10-27,396,435,40,2,-81.0,896.0
2013-10-28,398,436,41,2,-81.0,897.0
2013-10-29,399,437,41,2,-82.0,898.0
2013-10-30,400,438,42,2,-79.0,899.0
2013-10-31,401,439,42,2,-80.0,899.0
2013-11-01,404,440,43,2,-80.0,899.0
2013-11-02,402,441,43,2,-81.0,900.0
2013-11-03,405,442,44,2,-80.0,900.0
2013-11-04,403,443,44,2,-81.0,901.0
2013-11-16,407,455,50,2,-84.0,905.0
2013-11-17,406,456,50,2,-83.0,905.0
2013-11-24,409,463,53,2,-86.0,906.0
2013-11-25,410,464,54,2,-84.0,906.0
2013-11-26,412,465,54,2,-85.0,906.0
2013-11-27,415,466,55,2,-85.0,907.0
2013-11-28,411,467,55,2,-84.0,907.0
2013-11-29,414,468,55,2,-85.0,907.0
2013-11-30,413,469,56,2,-85.0,908.0
2013-12-02,475,470,56,2,-85.0,907.0
2013-12-03,479,471,57,2,-84.0,906.0
2013-12-04,416,472,57,2,-84.0,907.0
2013-12-05,417,473,58,2,-86.0,907.0
2013-12-06,420,474,58,2,-84.0,906.0
2013-12-07,419,475,59,2,-85.0,906.0
2013-12-08,418,476,59,2,-85.0,906.0
2013-12-09,421,477,60,3,-85.0,907.0
2013-12-18,422,486,64,3,-84.0,904.0
2013-12-19,473,487,64,3,-85.0,904.0
2013-12-20,480,488,64,3,-87.0,903.0
2013-12-21,423,489,65,3,-85.0,904.0
2013-12-22,434,490,65,3,-87.0,903.0
2013-12-23,433,491,66,3,-86.0,903.0
2013-12-24,427,492,66,3,-86.0,903.0
2013-12-25,426,493,67,3,-84.0,902.0
2013-12-26,429,494,67,3,-85.0,902.0
2013-12-27,431,495,68,3,-86.0,900.0
2013-12-28,428,496,68,3,-85.0,901.0
2013-12-29,425,497,69,3,-86.0,901.0
2013-12-30,424,498,69,3,-86.0,901.0
2013-12-31,432,499,69,3,-84.0,899.0
2014-01-01,430,500,70,3,-85.0,897.0
2014-01-02,435,501,70,3,-86.0,898.0
2014-01-03,437,502,71,3,-87.0,898.0
2014-01-04,483,503,71,3,-86.0,897.0
2014-01-05,436,504,72,3,-85.0,895.0
2014-01-06,438,505,72,3,-85.0,895.0
2014-01-08,439,506,73,3,-86.0,894.0
2014-01-09,440,507,73,3,-85.0,894.0
2014-01-10,442,508,73,3,-83.0,893.0
2014-01-11,443,509,74,3,-86.0,895.0
2014-01-12,441,510,74,3,-85.0,892.0
2014-01-13,446,511,75,3,-85.0,892.0
2014-01-14,444,512,75,3,-86.0,890.0
2014-01-15,445,513,76,3,-86.0,889.0
2014-01-16,447,514,76,3,-86.0,888.0
2014-01-17,450,515,77,3,-86.0,888.0
2014-01-18,449,516,77,3,-86.0,888.0
2014-01-19,448,517,77,3,-86.0,885.0
2014-01-20,451,518,78,3,-85.0,885.0
2014-01-21,452,519,78,3,-86.0,884.0
2014-01-22,453,520,79,3,-86.0,884.0
2014-01-23,454,521,79,3,-87.0,882.0
2014-01-24,455,522,80,3,-85.0,881.0
2014-01-25,458,523,80,3,-85.0,881.0
2014-01-26,457,524,81,3,-85.0,880.0
2014-01-27,456,525,81,3,-87.0,878.0
2014-01-28,459,526,82,3,-87.0,878.0
2014-01-29,460,527,82,3,-86.0,877.0
2014-01-30,461,528,82,3,-86.0,876.0
2014-01-31,462,529,83,3,-87.0,875.0
2014-02-01,463,530,83,3,-87.0,873.0
2014-02-02,465,531,84,3,-87.0,872.0
2014-02-03,464,532,84,3,-88.0,872.0
2014-02-04,466,533,85,3,-87.0,871.0
2014-02-05,467,534,85,3,-86.0,869.0
2014-02-06,468,535,86,3,-88.0,868.0
2014-02-07,470,536,86,3,-83.0,867.0
2014-02-08,469,537,86,3,-83.0,865.0
2014-02-09,472,538,87,3,-85.0,865.0
2014-02-10,476,539,87,3,-85.0,864.0
2014-02-11,481,540,88,3,-84.0,862.0
2014-02-12,482,541,88,3,-84.0,861.0
2014-02-13,477,542,89,3,-85.0,859.0
2014-02-15,486,543,89,3,-84.0,858.0
2014-02-16,487,544,90,4,-86.0,857.0
2014-02-17,490,545,90,4,-85.0,856.0
2014-02-18,489,546,91,4,-85.0,855.0
2014-02-19,488,547,91,4,-85.0,853.0
2014-02-20,491,548,91,4,-86.0,852.0
2014-02-21,492,549,92,4,-87.0,851.0
2014-02-22,494,550,92,4,-85.0,850.0
2014-02-23,495,551,93,4,-85.0,848.0
2014-02-24,493,552,93,4,-86.0,847.0
2014-02-25,496,553,94,4,-84.0,845.0
2014-02-26,497,554,94,4,-84.0,843.0
2014-02-27,499,555,95,4,-85.0,843.0
2014-02-28,501,556,95,4,-85.0,842.0
2014-03-01,498,557,96,4,-85.0,840.0
2014-03-02,500,558,96,4,-85.0,839.0
2014-03-03,502,559,96,4,-85.0,838.0
2014-03-04,503,560,97,4,-86.0,836.0
2014-03-05,504,561,97,4,-85.0,835.0
2014-03-06,506,562,98,4,-85.0,834.0
2014-03-07,505,563,98,4,-87.0,833.0
2014-03-08,509,564,99,4,-86.0,831.0
2014-03-09,508,565,99,4,-85.0,830.0
2014-03-10,507,566,100,4,-86.0,829.0
2014-03-11,510,567,100,4,-86.0,827.0
2014-03-12,511,568,101,4,-86.0,825.0
2014-03-13,512,569,101,4,-85.0,825.0
2014-03-14,513,570,102,4,-84.0,823.0
2014-03-15,515,571,102,4,-84.0,821.0
2014-03-16,514,572,102,4,-85.0,820.0
2014-03-17,516,573,103,4,-84.0,819.0
2014-03-18,517,574,103,4,-85.0,817.0
2014-03-19,518,575,104,4,-82.0,816.0
2014-03-20,520,576,104,4,-84.0,815.0
2014-03-21,519,577,105,4,-84.0,813.0
2014-03-22,521,578,105,4,-83.0,812.0
2014-03-24,522,579,106,4,-82.0,811.0
2014-03-25,523,580,106,4,-83.0,810.0
2014-03-26,524,581,107,4,-84.0,808.0
2014-03-27,525,582,107,4,-84.0,807.0
2014-03-28,526,583,108,4,-82.0,806.0
2014-03-29,528,584,108,4,-82.0,804.0
2014-03-30,527,585,109,4,-83.0,802.0
2014-03-31,529,586,109,4,-82.0,802.0
2014-04-01,530,587,109,4,-85.0,801.0
2014-04-02,532,588,110,4,-84.0,799.0
2014-04-03,531,589,110,4,-85.0,798.0
2014-04-04,535,590,111,4,-82.0,797.0
2014-04-05,533,591,111,4,-82.0,795.0
2014-04-06,534,592,112,4,-83.0,795.0
2014-04-07,536,593,112,4,-83.0,795.0
2014-04-08,537,594,113,4,-83.0,793.0
2014-04-09,538,595,113,4,-83.0,792.0
2014-04-10,539,596,114,4,-82.0,791.0
2014-04-11,540,597,114,4,-84.0,790.0
2014-04-12,542,598,115,4,-84.0,787.0
2014-04-13,543,599,115,4,-84.0,788.0
2014-04-14,541,600,116,4,-81.0,787.0
2014-04-15,544,601,116,4,-82.0,785.0
2014-04-16,545,602,117,4,-82.0,784.0
2014-04-17,548,603,117,4,-83.0,783.0
2014-04-18,546,604,118,4,-84.0,782.0
2014-04-19,547,605,118,4,-83.0,781.0
2014-04-20,549,606,118,4,-84.0,780.0
2014-04-21,550,607,119,4,-83.0,779.0
2014-04-22,551,608,119,4,-85.0,777.0
2014-04-23,552,609,120,5,-84.0,777.0
2014-04-24,554,610,120,5,-85.0,776.0
2014-04-25,555,611,121,5,-84.0,775.0
2014-04-26,553,612,121,5,-85.0,774.0
2014-04-27,556,613,122,5,-84.0,773.0
2014-04-28,557,614,122,5,-82.0,772.0
2014-04-29,558,615,123,5,-83.0,771.0
2014-05-01,559,616,123,5,-82.0,769.0
2014-05-02,561,617,124,5,-84.0,769.0
2014-05-03,562,618,124,5,-83.0,769.0
2014-05-04,560,619,125,5,-82.0,766.0
2014-05-05,563,620,125,5,-83.0,765.0
2014-05-06,564,621,126,5,-82.0,765.0
2014-05-07,565,622,126,5,-84.0,763.0
2014-05-08,566,623,127,5,-83.0,763.0
2014-05-09,568,624,127,5,-82.0,762.0
2014-05-10,569,625,128,5,-81.0,761.0
2014-05-11,567,626,128,5,-82.0,760.0
2014-05-12,570,627,129,5,-82.0,759.0
2014-05-13,571,628,129,5,-81.0,759.0
2014-05-14,572,629,130,5,-84.0,759.0
2014-05-15,573,630,130,5,-82.0,757.0
2014-05-16,576,631,131,5,-81.0,756.0
2014-05-17,575,632,131,5,-79.0,755.0
2014-05-18,574,633,132,5,-81.0,754.0
2014-05-19,577,634,132,5,-82.0,753.0
2014-05-20,578,635,133,5,-82.0,754.0
2014-05-21,582,636,133,5,-81.0,752.0
2014-05-22,580,637,134,5,-80.0,752.0
2014-05-23,579,638,134,5,-80.0,751.0
2014-05-24,581,639,135,5,-80.0,750.0
2014-05-25,583,640,135,5,-81.0,750.0
2014-05-26,584,641,136,5,-81.0,749.0
2014-05-27,585,642,136,5,-80.0,749.0
2014-05-28,586,643,137,5,-80.0,748.0
2014-05-29,588,644,137,5,-80.0,748.0
2014-05-30,589,645,138,5,-81.0,746.0
2014-05-31,587,646,138,5,-81.0,746.0
2014-06-01,590,647,139,5,-79.0,746.0
2014-06-02,591,648,139,5,-80.0,746.0
2014-06-03,592,649,140,5,-79.0,745.0
2014-06-04,593,650,140,5,-80.0,743.0
2014-06-05,595,651,141,5,-80.0,743.0
2014-06-07,594,652,141,5,-79.0,745.0
2014-06-08,596,653,142,5,-80.0,744.0
2014-06-09,597,654,142,5,-79.0,742.0
2014-06-10,598,655,143,5,-77.0,741.0
2014-06-11,599,656,143,5,-80.0,740.0
2014-06-12,600,657,144,5,-79.0,739.0
2014-06-13,602,658,144,5,-79.0,739.0
2014-06-14,603,659,145,5,-77.0,738.0
2014-06-15,601,660,145,5,-78.0,735.0
2014-06-16,604,661,146,5,-76.0,735.0
2014-06-17,605,662,146,5,-77.0,735.0
2014-06-18,609,663,147,5,-77.0,734.0
2014-06-19,607,664,147,5,-78.0,732.0
2014-06-20,610,665,148,5,-78.0,735.0
2014-06-21,608,666,148,5,-77.0,736.0
2014-06-22,606,667,149,5,-76.0,736.0
2014-06-23,611,668,150,6,-75.0,734.0
2014-06-24,613,669,150,6,-84.0,735.0
2014-06-25,612,670,151,6,-79.0,737.0
2014-06-26,614,671,151,6,-79.0,740.0
2014-06-27,615,672,152,6,-78.0,739.0
2014-06-28,616,673,152,6,-78.0,738.0
2014-06-29,617,674,153,6,-80.0,739.0
2014-06-30,618,675,153,6,-80.0,740.0
2014-07-01,619,676,154,6,-80.0,738.0
2014-07-02,622,677,154,6,-78.0,737.0
2014-07-03,621,678,155,6,-77.0,739.0
2014-07-04,624,679,155,6,-77.0,738.0
2014-07-05,620,680,156,6,-76.0,740.0
2014-07-06,623,681,156,6,-79.0,738.0
2014-07-07,625,682,157,6,-77.0,739.0
2014-07-08,626,683,158,6,-79.0,741.0
2014-07-09,627,684,158,6,-75.0,741.0
2014-07-10,628,685,159,6,-77.0,740.0
2014-07-11,629,686,159,6,-76.0,738.0
2014-07-12,630,687,160,6,-77.0,739.0
2014-07-14,631,688,160,6,-77.0,741.0
2014-07-15,632,689,161,6,-76.0,742.0
2014-07-16,633,690,161,6,-77.0,741.0
2014-07-17,634,691,162,6,-76.0,741.0
2014-07-18,637,692,162,6,-76.0,742.0
2014-07-19,636,693,163,6,-76.0,741.0
2014-07-20,635,694,164,6,-75.0,740.0
2014-07-21,638,695,164,6,-76.0,741.0
2014-07-22,639,696,165,6,-75.0,743.0
2014-07-23,640,697,165,6,-74.0,743.0
2014-07-24,641,698,166,6,-77.0,743.0
2014-07-25,642,699,166,6,-76.0,744.0
2014-07-26,643,700,167,6,-75.0,745.0
2014-07-27,644,701,167,6,-77.0,745.0
2014-07-28,645,702,168,6,-76.0,745.0
2014-07-29,646,703,169,6,-75.0,747.0
2014-07-30,647,704,169,6,-75.0,747.0
2014-07-31,648,705,170,6,-76.0,746.0
2014-08-01,650,706,170,6,-76.0,748.0
2014-08-02,651,707,171,6,-76.0,749.0
2014-08-03,649,708,171,6,-76.0,749.0
2014-08-04,652,709,172,6,-73.0,750.0
2014-08-05,653,710,172,6,-77.0,751.0
2014-08-06,654,711,173,6,-75.0,751.0
2014-08-07,658,712,174,6,-77.0,752.0
2014-08-08,656,713,174,6,-76.0,754.0
2014-08-09,655,714,175,6,-76.0,754.0
2014-08-10,657,715,175,6,-73.0,755.0
2014-08-11,659,716,176,6,-75.0,755.0
2014-08-12,661,717,176,6,-76.0,756.0
2014-08-13,660,718,177,6,-77.0,757.0
2014-08-14,662,719,178,6,-77.0,758.0
2014-08-15,663,720,178,6,-74.0,760.0
2014-08-16,664,721,179,6,-73.0,761.0
2014-08-17,665,722,179,6,-74.0,760.0
2014-08-18,666,723,180,7,-73.0,761.0
2014-08-19,667,724,181,7,-74.0,763.0
2014-08-21,669,725,181,7,-73.0,764.0
2014-08-22,668,726,182,7,-75.0,766.0
2014-08-23,671,727,182,7,-76.0,766.0
2014-08-24,670,728,183,7,-74.0,766.0
2014-08-25,672,729,183,7,-75.0,768.0
2014-08-26,676,730,184,7,-76.0,770.0
2014-08-27,673,731,185,7,-75.0,771.0
2014-08-28,677,732,185,7,-75.0,773.0
2014-08-29,674,733,186,7,-74.0,773.0
2014-08-30,675,734,186,7,-73.0,776.0
2014-08-31,678,735,187,7,-73.0,776.0
2014-09-01,679,736,188,7,-76.0,776.0
2014-09-02,680,737,188,7,-74.0,777.0
2014-09-03,681,738,189,7,-75.0,778.0
2014-09-04,682,739,189,7,-77.0,779.0
2014-09-05,685,740,190,7,-76.0,782.0
2014-09-06,683,741,191,7,-70.0,784.0
2014-09-07,684,742,191,7,-72.0,784.0
2014-09-08,686,743,192,7,-72.0,786.0
2014-09-09,687,744,192,7,-75.0,786.0
2014-09-10,689,745,193,7,-74.0,787.0
2014-09-11,688,746,194,7,-76.0,788.0
2014-09-12,691,747,194,7,-73.0,789.0
2014-09-13,690,748,195,7,-71.0,791.0
2014-09-14,692,749,195,7,-73.0,794.0
2014-09-15,693,750,196,7,-72.0,796.0
2014-09-16,695,751,197,7,-72.0,797.0
2014-09-17,694,752,197,7,-71.0,798.0
2014-09-18,698,753,198,7,-73.0,800.0
2014-09-19,696,754,198,7,-73.0,802.0
2014-09-20,697,755,199,7,-74.0,806.0
2014-09-21,699,756,200,7,-73.0,806.0
2014-09-22,700,757,200,7,-73.0,807.0
2014-09-23,701,758,201,7,-71.0,810.0
2014-09-24,702,759,201,7,-77.0,809.0
2014-09-25,704,760,202,7,-70.0,810.0
2014-09-27,705,761,203,7,-72.0,814.0
2014-09-28,703,762,203,7,-75.0,814.0
2014-09-29,706,763,204,7,-78.0,817.0
2014-09-30,707,764,205,7,-73.0,821.0
2014-10-01,708,765,205,7,-73.0,820.0
2014-10-02,709,766,206,7,-70.0,824.0
2014-10-03,710,767,206,7,-71.0,824.0
2014-10-04,712,768,207,7,-73.0,826.0
2014-10-05,711,769,208,7,-73.0,829.0
2014-10-06,713,770,208,7,-70.0,829.0
2014-10-07,714,771,209,7,-71.0,836.0
2014-10-08,715,772,210,8,-71.0,835.0
2014-10-09,716,773,210,8,-70.0,838.0
2014-10-10,719,774,211,8,-73.0,838.0
2014-10-11,717,775,211,8,-71.0,838.0
2014-10-12,718,776,212,8,-72.0,841.0
2014-10-13,720,777,213,8,-72.0,841.0
2014-10-14,721,778,213,8,-70.0,846.0
2014-10-15,722,779,214,8,-71.0,845.0
2014-10-16,723,780,215,8,-72.0,852.0
2014-10-17,725,781,215,8,-74.0,849.0
2014-10-18,724,782,216,8,-71.0,854.0
2014-10-19,727,783,216,8,-69.0,853.0
2014-10-20,726,784,217,8,-69.0,857.0
2014-10-21,728,785,218,8,-74.0,858.0
2014-10-22,729,786,218,8,-74.0,861.0
2014-10-23,732,787,219,8,-73.0,860.0
2014-10-24,731,788,220,8,-68.0,862.0
2014-10-25,730,789,220,8,-68.0,862.0
2014-10-26,733,790,221,8,-68.0,864.0
2014-10-27,734,791,222,8,-70.0,867.0
2014-10-28,735,792,222,8,-71.0,873.0
2014-10-29,736,793,223,8,-71.0,877.0
2014-10-30,739,794,223,8,-68.0,874.0
2014-10-31,738,795,224,8,-68.0,875.0
2014-11-01,737,796,225,8,-65.0,877.0
2014-11-03,740,797,225,8,-65.0,879.0
2014-11-04,741,798,226,8,-67.0,883.0
2014-11-05,743,799,227,8,-70.0,884.0
2014-11-06,742,800,227,8,-67.0,884.0
2014-11-07,746,801,228,8,-70.0,884.0
2014-11-08,745,802,229,8,-69.0,887.0
2014-11-09,744,803,229,8,-69.0,888.0
2014-11-10,747,804,230,8,-73.0,891.0
2014-11-11,748,805,231,8,-70.0,893.0
2014-11-12,750,806,231,8,-69.0,893.0
2014-11-13,749,807,232,8,-71.0,892.0
2014-11-14,752,808,232,8,-67.0,893.0
2014-11-15,753,809,233,8,-70.0,895.0
2014-11-16,751,810,234,8,-69.0,897.0
2014-11-17,754,811,234,8,-71.0,900.0
2014-11-18,755,812,235,8,-75.0,902.0
2014-11-19,756,813,236,8,-67.0,904.0
2014-11-20,757,814,236,8,-68.0,902.0
2014-11-21,759,815,237,8,-69.0,905.0
2014-11-22,758,816,238,8,-74.0,909.0
2014-11-23,761,817,238,8,-69.0,913.0
2014-11-24,760,818,239,8,-68.0,914.0
2014-11-25,763,819,240,9,-71.0,913.0
2014-11-26,765,820,240,9,-68.0,910.0
2014-11-27,762,821,241,9,-68.0,910.0
2014-11-28,764,822,242,9,-71.0,911.0
2014-11-29,766,823,242,9,-69.0,912.0
2014-11-30,768,824,243,9,-67.0,914.0
2014-12-01,767,825,243,9,-67.0,914.0
2014-12-02,770,826,244,9,-68.0,914.0
2014-12-03,769,827,245,9,-68.0,911.0
2014-12-04,771,828,245,9,-71.0,914.0
2014-12-05,773,829,246,9,-71.0,914.0
2014-12-06,772,830,247,9,-68.0,918.0
2014-12-07,774,831,247,9,-68.0,920.0
2014-12-08,775,832,248,9,-68.0,924.0
2014-12-09,776,833,249,9,-69.0,923.0
2014-12-11,777,834,249,9,-68.0,918.0
2014-12-12,780,835,250,9,-69.0,917.0
2014-12-13,778,836,251,9,-69.0,916.0
2014-12-14,779,837,251,9,-69.0,916.0
2014-12-15,782,838,252,9,-69.0,917.0
2014-12-16,781,839,253,9,-70.0,917.0
2014-12-17,783,840,253,9,-74.0,913.0
2014-12-18,784,841,254,9,-75.0,914.0
2014-12-19,790,842,255,9,-69.0,914.0
2014-12-20,793,843,255,9,-69.0,916.0
2014-12-21,788,844,256,9,-68.0,917.0
2014-12-22,786,845,257,9,-73.0,920.0
2014-12-23,785,846,257,9,-74.0,925.0
2014-12-24,791,847,258,9,-69.0,918.0
2014-12-25,792,848,258,9,-69.0,918.0
2014-12-26,787,849,259,9,-69.0,918.0
2014-12-27,789,850,260,9,-68.0,918.0
2014-12-28,794,851,260,9,-68.0,919.0
2014-12-29,797,852,261,9,-73.0,916.0
2014-12-30,796,853,262,9,-67.0,913.0
2014-12-31,798,854,262,9,-66.0,910.0
2015-01-01,799,855,263,9,-69.0,912.0
2015-01-02,795,856,264,9,-68.0,912.0
2015-01-03,801,857,264,9,-76.0,911.0
2015-01-04,800,858,265,9,-73.0,913.0
2015-01-05,802,859,266,9,-72.0,915.0
2015-01-06,803,860,266,9,-69.0,916.0
2015-01-07,804,861,267,9,-70.0,917.0
2015-01-08,807,862,268,9,-70.0,917.0
2015-01-09,805,863,268,9,-72.0,916.0
2015-01-10,806,864,269,9,-70.0,914.0
2015-01-11,808,865,270,10,-70.0,913.0
2015-01-12,809,866,270,10,-71.0,911.0
2015-01-13,810,867,271,10,-71.0,910.0
2015-01-14,811,868,271,10,-71.0,908.0
2015-01-15,812,869,272,10,-72.0,906.0
2015-01-17,813,870,273,10,-74.0,909.0
2015-01-18,814,871,273,10,-70.0,903.0
2015-01-19,815,872,274,10,-72.0,902.0
2015-01-28,817,881,280,10,-73.0,899.0
2015-01-29,818,882,280,10,-76.0,901.0
2015-01-30,820,883,281,10,-74.0,897.0
2015-01-31,821,884,282,10,-71.0,897.0
2015-02-01,819,885,282,10,-71.0,895.0
2015-02-02,823,886,283,10,-73.0,894.0
2015-02-03,822,887,284,10,-73.0,897.0
2015-02-04,824,888,284,10,-70.0,896.0
2015-02-05,825,889,285,10,-70.0,895.0
2015-02-06,826,890,286,10,-72.0,892.0
2015-02-07,827,891,286,10,-72.0,892.0
2015-02-08,828,892,287,10,-71.0,892.0
2015-02-09,829,893,287,10,-72.0,890.0
2015-02-10,830,894,288,10,-75.0,891.0
2015-02-11,831,895,289,10,-72.0,889.0
2015-02-12,833,896,289,10,-70.0,888.0
2015-02-13,832,897,290,10,-72.0,884.0
2015-02-14,834,898,291,10,-72.0,883.0
2015-02-15,835,899,291,10,-75.0,881.0
2015-02-16,836,900,292,10,-70.0,883.0
2015-02-17,837,901,292,10,-71.0,885.0
2015-02-18,838,902,293,10,-68.0,883.0
2015-02-19,839,903,294,10,-71.0,882.0
2015-02-20,841,904,294,10,-71.0,878.0
2015-02-21,840,905,295,10,-71.0,880.0
2015-02-22,843,906,296,10,-76.0,878.0
2015-02-24,842,907,296,10,-75.0,879.0
2015-02-25,844,908,297,10,-71.0,883.0
2015-02-26,845,909,297,10,-70.0,878.0
2015-02-27,847,910,298,10,-73.0,878.0
2015-02-28,846,911,299,10,-70.0,874.0
2015-03-01,849,912,299,10,-75.0,875.0
2015-03-02,848,913,300,11,-71.0,871.0
2015-03-03,850,914,300,11,-71.0,874.0
2015-03-04,851,915,301,11,-71.0,878.0
2015-03-05,852,916,302,11,-71.0,872.0
2015-03-06,854,917,302,11,-76.0,871.0
2015-03-07,853,918,303,11,-71.0,867.0
2015-03-08,855,919,304,11,-74.0,870.0
2015-03-09,856,920,304,11,-72.0,868.0
2015-03-10,857,921,305,11,-70.0,867.0
2015-03-11,858,922,305,11,-73.0,870.0
2015-03-12,859,923,306,11,-72.0,867.0
2015-03-13,861,924,307,11,-74.0,867.0
2015-03-14,860,925,307,11,-71.0,862.0
2015-03-15,862,926,308,11,-76.0,864.0
2015-03-16,863,927,308,11,-76.0,862.0
2015-03-17,864,928,309,11,-72.0,862.0
2015-03-18,865,929,310,11,-75.0,866.0
2015-03-19,868,930,310,11,-75.0,865.0
2015-03-20,867,931,311,11,-69.0,864.0
2015-03-21,866,932,311,11,-71.0,859.0
2015-03-22,869,933,312,11,-71.0,863.0
2015-03-23,870,934,313,11,-73.0,858.0
2015-03-24,872,935,313,11,-75.0,862.0
2015-03-25,871,936,314,11,-72.0,865.0
2015-03-26,874,937,314,11,-73.0,863.0
2015-03-29,876,940,316,11,-73.0,861.0
2015-03-30,875,941,317,11,-74.0,857.0
2015-03-31,880,942,317,11,-74.0,857.0
2015-04-02,877,943,318,11,-73.0,854.0
2015-04-03,878,944,318,11,-70.0,852.0
2015-04-04,881,945,319,11,-72.0,851.0
2015-04-05,879,946,320,11,-77.0,850.0
2015-04-06,882,947,320,11,-70.0,853.0
2015-04-07,883,948,321,11,-73.0,854.0
2015-04-08,884,949,321,11,-72.0,851.0
2015-04-09,885,950,322,11,-73.0,850.0
2015-04-10,888,951,323,11,-75.0,849.0
2015-04-11,886,952,323,11,-69.0,847.0
2015-04-12,887,953,324,11,-71.0,847.0
2015-04-13,889,954,324,11,-73.0,847.0
2015-04-17,892,958,327,11,-74.0,848.0
2015-04-18,891,959,327,11,-78.0,846.0
2015-04-19,893,960,328,11,-76.0,846.0
2015-04-20,895,961,328,11,-71.0,849.0
2015-04-21,894,962,329,11,-73.0,845.0
2015-04-22,896,963,329,11,-71.0,850.0
2015-04-23,897,964,330,12,-72.0,847.0
2015-04-24,898,965,331,12,-75.0,847.0
2015-04-25,900,966,331,12,-73.0,850.0
2015-04-26,899,967,332,12,-74.0,844.0
2015-04-27,901,968,332,12,-71.0,848.0
2015-04-28,902,969,333,12,-72.0,844.0
2015-04-29,903,970,333,12,-71.0,849.0
2015-04-30,906,971,334,12,-71.0,848.0
2015-05-01,904,972,334,12,-73.0,847.0
2015-05-02,905,973,335,12,-72.0,844.0
2015-05-03,907,974,336,12,-73.0,842.0
2015-05-04,908,975,336,12,-73.0,843.0
2015-05-05,909,976,337,12,-75.0,842.0
2015-05-06,910,977,337,12,-75.0,841.0
2015-05-07,913,978,338,12,-73.0,842.0
2015-05-09,912,979,338,12,-79.0,841.0
2015-05-10,911,980,339,12,-73.0,840.0
2015-05-11,914,981,339,12,-73.0,841.0
2015-05-12,917,982,340,12,-74.0,840.0
2015-05-13,916,983,340,12,-76.0,840.0
2015-05-14,915,984,341,12,-74.0,840.0
2015-05-15,918,985,342,12,-78.0,840.0
2015-05-16,919,986,342,12,-74.0,840.0
2015-05-17,920,987,343,12,-74.0,839.0
2015-05-18,922,988,343,12,-75.0,840.0
2015-05-19,921,989,344,12,-74.0,841.0
2015-05-20,923,990,344,12,-76.0,839.0
2015-05-21,926,991,345,12,-73.0,840.0
2015-05-22,924,992,345,12,-73.0,842.0
2015-05-23,927,993,346,12,-73.0,840.0
2015-05-24,925,994,346,12,-79.0,842.0
2015-05-25,929,995,347,12,-74.0,842.0
2015-05-26,928,996,348,12,-72.0,842.0
2015-05-27,930,997,348,12,-74.0,843.0
2015-05-28,931,998,349,12,-73.0,842.0
2015-05-30,932,1000,350,12,-74.0,841.0
2015-05-31,933,1001,350,12,-79.0,843.0
2015-06-01,936,1002,351,12,-77.0,844.0
2015-06-02,934,1003,351,12,-74.0,843.0
2015-06-03,935,1004,352,12,-74.0,842.0
2015-06-04,939,1005,352,12,-75.0,843.0
2015-06-05,941,1006,353,12,-78.0,844.0
2015-06-06,937,1007,353,12,-79.0,845.0
2015-06-07,940,1008,354,12,-79.0,844.0
2015-06-08,946,1009,354,12,-75.0,845.0
2015-06-09,947,1010,355,12,-74.0,846.0
2015-06-10,948,1011,355,12,-78.0,845.0
2015-06-11,949,1012,356,12,-81.0,846.0
2015-06-12,953,1013,356,12,-80.0,846.0
2015-06-13,950,1014,357,12,-77.0,846.0
2015-06-14,951,1015,357,12,-75.0,847.0
2015-06-16,952,1016,358,12,-76.0,847.0
2015-06-17,955,1017,359,12,-78.0,850.0
2015-06-18,956,1018,359,12,-79.0,850.0
2015-06-19,954,1019,0,1,-81.0,849.0
2015-06-20,938,1020,0,1,-63.0,832.0
2015-06-21,942,1021,1,1,-76.0,850.0
2015-06-22,944,1022,1,1,-75.0,852.0
2015-06-23,943,1023,2,1,-76.0,851.0
2015-06-24,945,1024,2,1,-76.0,851.0
2015-06-25,958,1025,3,1,-74.0,851.0
2015-06-26,957,1026,3,1,-78.0,851.0
2015-06-28,960,1028,4,1,-75.0,853.0
2015-06-29,959,1029,5,1,-75.0,856.0
2015-06-30,961,1030,5,1,-77.0,855.0
2015-07-01,963,1031,6,1,-76.0,854.0
2015-07-02,962,1032,6,1,-74.0,854.0
2015-07-03,965,1033,7,1,-77.0,856.0
2015-07-04,964,1034,7,1,-76.0,859.0
2015-07-05,966,1035,8,1,-77.0,857.0
2015-07-06,967,1036,8,1,-76.0,856.0
2015-07-07,968,1037,9,1,-80.0,856.0
2015-07-08,969,1038,9,1,-76.0,858.0
2015-07-09,970,1039,10,1,-77.0,857.0
2015-07-10,972,1040,10,1,-77.0,858.0
2015-07-11,971,1041,11,1,-77.0,859.0
2015-07-12,973,1042,11,1,-76.0,859.0
2015-07-13,974,1043,12,1,-77.0,860.0
2015-07-14,975,1044,12,1,-79.0,860.0
2015-07-15,978,1045,13,1,-80.0,861.0
2015-07-16,979,1046,13,1,-77.0,862.0
2015-07-17,977,1047,14,1,-77.0,863.0
2015-07-18,976,1048,14,1,-78.0,864.0
2015-07-19,980,1049,15,1,-75.0,864.0
2015-07-20,981,1050,15,1,-76.0,863.0
2015-07-21,983,1051,16,1,-76.0,864.0
2015-07-23,982,1052,16,1,-78.0,865.0
2015-07-24,984,1053,17,1,-79.0,865.0
2015-07-25,985,1054,17,1,-77.0,867.0
2015-07-26,987,1055,17,1,-77.0,868.0
2015-07-27,986,1056,18,1,-76.0,868.0
2015-07-28,988,1057,18,1,-78.0,867.0
2015-07-29,989,1058,19,1,-78.0,868.0
2015-07-30,990,1059,19,1,-78.0,870.0
2015-07-31,992,1060,20,1,-78.0,870.0
2015-08-01,993,1061,20,1,-77.0,871.0
2015-08-02,991,1062,21,1,-77.0,871.0
2015-08-03,994,1063,21,1,-79.0,871.0
2015-08-04,996,1064,22,1,-77.0,871.0
2015-08-05,995,1065,22,1,-78.0,873.0
2015-08-06,997,1066,23,1,-78.0,875.0
2015-08-07,998,1067,23,1,-79.0,875.0
2015-08-08,1000,1068,24,1,-76.0,874.0
2015-08-09,999,1069,24,1,-77.0,876.0
2015-08-10,1001,1070,25,1,-80.0,877.0
2015-08-11,1002,1071,25,1,-78.0,878.0
2015-08-12,1003,1072,26,1,-78.0,879.0
2015-08-13,1004,1073,26,1,-82.0,879.0
2015-08-14,1005,1074,27,1,-77.0,878.0
2015-08-15,1006,1075,27,1,-77.0,879.0
2015-08-16,1007,1076,28,1,-81.0,880.0
2015-08-17,1008,1077,28,1,-79.0,880.0
2015-08-18,1009,1078,29,1,-80.0,881.0
2015-08-19,1010,1079,29,1,-80.0,882.0
2015-08-20,1013,1080,29,1,-77.0,882.0
2015-08-21,1011,1081,30,2,-77.0,882.0
2015-08-22,1012,1082,30,2,-79.0,882.0
2015-08-23,1014,1083,31,2,-80.0,883.0
2015-08-24,1015,1084,31,2,-78.0,885.0
2015-08-25,1017,1085,32,2,-79.0,886.0
2015-08-26,1016,1086,32,2,-77.0,885.0
2015-08-27,1019,1087,33,2,-78.0,885.0
2015-08-29,1020,1088,33,2,-77.0,885.0
2015-08-30,1018,1089,34,2,-76.0,885.0
2015-08-31,1021,1090,34,2,-78.0,886.0
2015-09-01,1022,1091,35,2,-77.0,886.0
2015-09-02,1023,1092,35,2,-79.0,886.0
2015-09-03,1024,1093,36,2,-77.0,887.0
2015-09-04,1026,1094,36,2,-80.0,888.0
2015-09-05,1027,1095,36,2,-79.0,888.0
2015-09-06,1025,1096,37,2,-79.0,888.0
2015-09-07,1028,1097,37,2,-78.0,889.0
2015-09-08,1029,1098,38,2,-77.0,890.0
2015-09-09,1030,1099,38,2,-78.0,891.0
2015-09-10,1031,1100,39,2,-79.0,890.0
2015-09-11,1034,1101,39,2,-80.0,891.0
2015-09-12,1032,1102,40,2,-84.0,892.0
2015-09-13,1033,1103,40,2,-81.0,893.0
2015-09-14,1035,1104,41,2,-79.0,893.0
2015-09-15,1036,1105,41,2,-78.0,892.0
2015-09-16,1037,1106,42,2,-82.0,893.0
2015-09-17,1040,1107,42,2,-79.0,893.0
2015-09-18,1038,1108,42,2,-78.0,895.0
2015-09-19,1039,1109,43,2,-82.0,895.0
2015-09-20,1041,1110,43,2,-81.0,895.0
2015-09-21,1042,1111,44,2,-79.0,896.0
2015-09-22,1043,1112,44,2,-80.0,895.0
2015-09-23,1044,1113,45,2,-79.0,895.0
2015-09-24,1045,1114,45,2,-79.0,896.0
2015-09-25,1047,1115,46,2,-80.0,897.0
2015-09-26,1046,1116,46,2,-79.0,898.0
2015-09-27,1048,1117,47,2,-79.0,898.0
2015-09-28,1049,1118,47,2,-80.0,898.0
2015-09-29,1050,1119,48,2,-81.0,899.0
2015-09-30,1051,1120,48,2,-80.0,900.0
2015-10-01,1052,1121,48,2,-81.0,901.0
2015-10-02,1053,1122,49,2,-79.0,901.0
2015-10-03,1054,1123,49,2,-79.0,900.0
2015-10-04,1055,1124,50,2,-80.0,900.0
2015-10-06,1056,1125,50,2,-79.0,900.0
2015-10-07,1057,1126,51,2,-79.0,901.0
2015-10-08,1058,1127,51,2,-80.0,901.0
2015-10-09,1059,1128,52,2,-79.0,902.0
2015-10-10,1060,1129,52,2,-80.0,902.0
2015-10-11,1061,1130,53,2,-81.0,902.0
2015-10-12,1062,1131,53,2,-81.0,902.0
2015-10-13,1063,1132,53,2,-82.0,902.0
2015-10-14,1064,1133,54,2,-82.0,902.0
2015-10-15,1065,1134,54,2,-80.0,902.0
2015-10-16,1069,1135,55,2,-81.0,901.0
2015-10-17,1066,1136,55,2,-82.0,901.0
2015-10-18,1068,1137,56,2,-81.0,901.0
2015-10-19,1067,1138,56,2,-82.0,901.0
2015-10-20,1070,1139,57,2,-80.0,901.0
2015-10-21,1071,1140,57,2,-81.0,901.0
2015-10-22,1072,1141,57,2,-82.0,902.0
2015-10-23,1073,1142,58,2,-82.0,902.0
2015-10-24,1074,1143,58,2,-82.0,901.0
2015-10-25,1075,1144,59,2,-82.0,902.0
2015-10-26,1076,1145,59,2,-82.0,903.0
2015-10-27,1077,1146,60,3,-82.0,902.0
2015-10-28,1078,1147,60,3,-80.0,901.0
2015-10-29,1080,1148,61,3,-80.0,901.0
2015-10-30,1079,1149,61,3,-81.0,902.0
2015-10-31,1081,1150,62,3,-82.0,902.0
2015-11-01,1082,1151,62,3,-82.0,901.0
2015-11-02,1086,1152,62,3,-80.0,901.0
2015-11-03,1083,1153,63,3,-82.0,900.0
2015-11-04,1088,1154,63,3,-84.0,900.0
2015-11-05,1084,1155,64,3,-84.0,900.0
2015-11-06,1085,1156,64,3,-84.0,900.0
2015-11-07,1087,1157,65,3,-82.0,900.0
2015-11-08,1089,1158,65,3,-82.0,898.0
2015-11-09,1090,1159,66,3,-82.0,898.0
2015-11-10,1091,1160,66,3,-80.0,899.0
2015-11-12,1092,1161,66,3,-83.0,898.0
2015-11-13,1093,1162,67,3,-84.0,897.0
2015-11-14,1094,1163,67,3,-86.0,896.0
2015-11-15,1095,1164,68,3,-86.0,896.0
2015-11-16,1096,1165,68,3,-84.0,897.0
2015-11-17,1097,1166,69,3,-84.0,895.0
2015-11-18,1098,1167,69,3,-84.0,894.0
2015-11-19,1102,1168,70,3,-84.0,894.0
2015-11-20,1100,1169,70,3,-89.0,894.0
2015-11-21,1101,1170,71,3,-85.0,893.0
2015-11-22,1099,1171,71,3,-87.0,892.0
2015-11-23,1104,1172,71,3,-87.0,892.0
2015-11-24,1103,1173,72,3,-87.0,892.0
2015-11-25,1105,1174,72,3,-85.0,891.0
2015-11-26,1106,1175,73,3,-85.0,890.0
2015-11-27,1107,1176,73,3,-84.0,890.0
2015-11-28,1108,1177,74,3,-84.0,888.0
2015-11-29,1109,1178,74,3,-86.0,888.0
2015-11-30,1110,1179,75,3,-85.0,887.0
2015-12-01,1111,1180,75,3,-86.0,886.0
2015-12-02,1112,1181,75,3,-86.0,885.0
2015-12-03,1114,1182,76,3,-85.0,884.0
2015-12-04,1113,1183,76,3,-86.0,883.0
2015-12-05,1115,1184,77,3,-85.0,882.0
2015-12-06,1116,1185,77,3,-84.0,881.0
2015-12-07,1117,1186,78,3,-86.0,881.0
2015-12-08,1118,1187,78,3,-84.0,881.0
2015-12-09,1119,1188,79,3,-90.0,881.0
2015-12-10,1120,1189,79,3,-87.0,879.0
2015-12-11,1121,1190,79,3,-87.0,877.0
2015-12-12,1122,1191,80,3,-87.0,876.0
2015-12-13,1123,1192,80,3,-86.0,876.0
2015-12-14,1124,1193,81,3,-84.0,875.0
2015-12-15,1125,1194,81,3,-84.0,873.0
2015-12-16,1126,1195,82,3,-86.0,872.0
2015-12-17,1129,1196,82,3,-86.0,871.0
2015-12-18,1127,1197,83,3,-85.0,869.0
2015-12-20,1128,1198,83,3,-86.0,868.0
2015-12-21,1130,1199,84,3,-86.0,868.0
2015-12-22,1131,1200,84,3,-84.0,866.0
2015-12-23,1132,1201,84,3,-85.0,866.0
2015-12-24,1133,1202,85,3,-85.0,864.0
2015-12-25,1136,1203,85,3,-85.0,863.0
2015-12-26,1135,1204,86,3,-84.0,862.0
2015-12-27,1134,1205,86,3,-86.0,861.0
2015-12-28,1137,1206,87,3,-85.0,859.0
2015-12-29,1138,1207,87,3,-85.0,858.0
2015-12-30,1139,1208,88,3,-85.0,857.0
2015-12-31,1141,1209,88,3,-85.0,855.0
2016-01-01,1140,1210,88,3,-85.0,854.0
2016-01-02,1142,1211,89,3,-83.0,853.0
2016-01-03,1143,1212,89,3,-86.0,851.0
2016-01-04,1145,1213,90,4,-84.0,851.0
2016-01-05,1144,1214,90,4,-85.0,849.0
2016-01-06,1146,1215,91,4,-85.0,848.0
2016-01-07,1147,1216,91,4,-86.0,847.0
2016-01-08,1148,1217,92,4,-88.0,846.0
2016-01-09,1149,1218,92,4,-86.0,845.0
2016-01-10,1150,1219,93,4,-87.0,844.0
2016-01-11,1151,1220,93,4,-87.0,842.0
2016-01-12,1152,1221,93,4,-87.0,841.0
2016-01-13,1153,1222,94,4,-87.0,840.0
2016-01-14,1155,1223,94,4,-88.0,839.0
2016-01-15,1154,1224,95,4,-88.0,837.0
2016-01-16,1156,1225,95,4,-87.0,836.0
2016-01-17,1157,1226,96,4,-87.0,835.0
2016-01-18,1158,1227,96,4,-88.0,833.0
2016-01-19,1159,1228,97,4,-88.0,832.0
2016-01-20,1160,1229,97,4,-88.0,831.0
2016-01-21,1161,1230,98,4,-88.0,830.0
2016-01-22,1162,1231,98,4,-88.0,828.0
2016-01-23,1163,1232,99,4,-88.0,827.0
2016-01-24,1164,1233,99,4,-88.0,826.0
2016-01-26,1166,1234,99,4,-88.0,824.0
2016-01-27,1165,1235,100,4,-88.0,824.0
2016-01-28,1170,1236,100,4,-87.0,822.0
2016-01-29,1169,1237,101,4,-88.0,820.0
2016-01-30,1167,1238,101,4,-87.0,819.0
2016-01-31,1168,1239,102,4,-89.0,818.0
2016-02-01,1171,1240,102,4,-87.0,816.0
2016-02-02,1172,1241,103,4,-87.0,816.0
2016-02-03,1173,1242,103,4,-87.0,815.0
2016-02-04,1174,1243,104,4,-86.0,814.0
2016-02-05,1175,1244,104,4,-85.0,812.0
2016-02-06,1176,1245,105,4,-86.0,811.0
2016-02-07,1178,1246,105,4,-85.0,810.0
2016-02-08,1177,1247,105,4,-85.0,809.0
2016-02-09,1179,1248,106,4,-86.0,807.0
2016-02-10,1180,1249,106,4,-85.0,806.0
2016-02-11,1182,1250,107,4,-85.0,804.0
2016-02-12,1185,1251,107,4,-85.0,803.0
2016-02-13,1184,1252,108,4,-85.0,802.0
2016-02-14,1181,1253,108,4,-85.0,800.0
2016-02-15,1183,1254,109,4,-84.0,799.0
2016-02-16,1187,1255,109,4,-84.0,798.0
2016-02-17,1186,1256,110,4,-84.0,797.0
2016-02-18,1188,1257,110,4,-84.0,794.0
2016-02-19,1189,1258,111,4,-83.0,794.0
2016-02-20,1190,1259,111,4,-84.0,794.0
2016-02-21,1191,1260,112,4,-83.0,792.0
2016-02-22,1192,1261,112,4,-81.0,790.0
2016-02-23,1193,1262,112,4,-81.0,790.0
2016-02-24,1194,1263,113,4,-84.0,788.0
2016-02-25,1195,1264,113,4,-84.0,787.0
2016-02-26,1197,1265,114,4,-81.0,787.0
2016-02-27,1196,1266,114,4,-82.0,787.0
2016-02-28,1198,1267,115,4,-83.0,786.0
2016-02-29,1199,1268,115,4,-83.0,784.0
2016-03-01,1201,1269,116,4,-83.0,782.0
2016-03-03,1200,1270,116,4,-82.0,782.0
2016-03-04,1202,1271,117,4,-84.0,781.0
2016-03-05,1203,1272,117,4,-81.0,780.0
2016-03-06,1204,1273,118,4,-79.0,778.0
2016-03-07,1205,1274,118,4,-82.0,777.0
2016-03-08,1206,1275,119,4,-82.0,775.0
2016-03-09,1207,1276,119,4,-83.0,774.0
2016-03-10,1208,1277,120,5,-84.0,774.0
2016-03-11,1210,1278,120,5,-83.0,773.0
2016-03-12,1209,1279,121,5,-83.0,772.0
2016-03-13,1211,1280,121,5,-84.0,771.0
2016-03-14,1212,1281,122,5,-83.0,769.0
2016-03-15,1213,1282,122,5,-81.0,768.0
2016-03-16,1214,1283,123,5,-82.0,767.0
2016-03-17,1216,1284,123,5,-80.0,767.0
2016-03-18,1217,1285,123,5,-80.0,766.0
2016-03-19,1215,1286,124,5,-80.0,765.0
2016-03-20,1218,1287,124,5,-80.0,764.0
2016-03-21,1219,1288,125,5,-80.0,763.0
2016-03-24,1220,1291,126,5,-80.0,760.0
2016-03-25,1222,1292,127,5,-81.0,760.0
2016-03-26,1221,1293,127,5,-81.0,758.0
2016-03-27,1223,1294,128,5,-79.0,758.0
2016-03-28,1224,1295,128,5,-79.0,757.0
2016-03-29,1226,1296,129,5,-79.0,756.0
2016-03-30,1225,1297,129,5,-80.0,755.0
2016-03-31,1229,1298,130,5,-79.0,755.0
2016-04-01,1228,1299,130,5,-80.0,753.0
2016-04-02,1227,1300,131,5,-79.0,752.0
2016-04-03,1230,1301,131,5,-78.0,752.0
2016-04-04,1231,1302,132,5,-80.0,751.0
2016-04-05,1232,1303,132,5,-78.0,751.0
2016-04-06,1233,1304,133,5,-80.0,750.0
2016-04-07,1235,1305,133,5,-80.0,749.0
2016-04-08,1234,1306,134,5,-79.0,748.0
2016-04-10,1236,1307,134,5,-80.0,748.0
2016-04-11,1237,1308,135,5,-81.0,748.0
2016-04-12,1238,1309,135,5,-81.0,747.0
2016-04-13,1239,1310,136,5,-76.0,745.0
2016-04-14,1240,1311,136,5,-78.0,745.0
2016-04-15,1243,1312,137,5,-77.0,745.0
2016-04-16,1241,1313,137,5,-77.0,745.0
2016-04-17,1242,1314,138,5,-78.0,744.0
2016-04-18,1244,1315,138,5,-77.0,744.0
2016-04-19,1245,1316,139,5,-80.0,744.0
2016-04-20,1246,1317,139,5,-80.0,743.0
2016-04-21,1247,1318,140,5,-80.0,743.0
2016-04-22,1248,1319,140,5,-78.0,742.0
2016-04-23,1250,1320,141,5,-77.0,741.0
2016-04-24,1249,1321,141,5,-77.0,740.0
2016-04-25,1251,1322,142,5,-78.0,740.0
2016-04-26,1252,1323,142,5,-77.0,738.0
2016-04-27,1253,1324,143,5,-78.0,738.0
2016-04-28,1256,1325,144,5,-78.0,738.0
2016-04-29,1254,1326,144,5,-77.0,738.0
2016-04-30,1255,1327,145,5,-76.0,736.0
2016-05-01,1257,1328,145,5,-77.0,735.0
2016-05-02,1258,1329,146,5,-74.0,735.0
2016-05-03,1259,1330,146,5,-78.0,734.0
2016-05-04,1260,1331,147,5,-76.0,734.0
2016-05-05,1262,1332,147,5,-78.0,734.0
2016-05-06,1263,1333,148,5,-76.0,733.0
2016-05-07,1261,1334,148,5,-77.0,732.0
2016-05-08,1264,1335,149,5,-77.0,732.0
2016-05-09,1265,1336,149,5,-75.0,732.0
2016-05-10,1266,1337,150,6,-76.0,734.0
2016-05-11,1267,1338,150,6,-75.0,734.0
2016-05-12,1268,1339,151,6,-77.0,733.0
2016-05-13,1269,1340,151,6,-76.0,734.0
2016-05-14,1270,1341,152,6,-76.0,735.0
2016-05-15,1271,1342,152,6,-80.0,735.0
2016-05-17,1272,1343,153,6,-74.0,735.0
2016-05-18,1273,1344,153,6,-75.0,734.0
2016-05-19,1276,1345,154,6,-75.0,735.0
2016-05-20,1274,1346,155,6,-75.0,737.0
2016-05-21,1277,1347,155,6,-75.0,736.0
2016-05-22,1275,1348,156,6,-76.0,735.0
2016-05-23,1278,1349,156,6,-73.0,737.0
2016-05-24,1279,1350,157,6,-73.0,738.0
2016-05-25,1280,1351,157,6,-72.0,739.0
2016-05-26,1283,1352,158,6,-73.0,736.0
2016-05-27,1281,1353,158,6,-76.0,737.0
2016-05-28,1282,1354,159,6,-75.0,739.0
2016-05-29,1284,1355,159,6,-75.0,740.0
2016-05-30,1286,1356,160,6,-74.0,739.0
2016-05-31,1285,1357,160,6,-72.0,738.0
2016-06-01,1287,1358,161,6,-74.0,738.0
2016-06-02,1288,1359,162,6,-76.0,739.0
2016-06-03,1289,1360,162,6,-76.0,739.0
2016-06-04,1290,1361,163,6,-75.0,739.0
2016-06-05,1291,1362,163,6,-74.0,739.0
2016-06-06,1292,1363,164,6,-75.0,740.0
2016-06-07,1293,1364,164,6,-74.0,740.0
2016-06-08,1294,1365,165,6,-74.0,739.0
2016-06-09,1295,1366,165,6,-75.0,740.0
2016-06-10,1296,1367,166,6,-74.0,743.0
2016-06-11,1297,1368,167,6,-74.0,743.0
2016-06-12,1299,1369,167,6,-73.0,742.0
2016-06-13,1298,1370,168,6,-74.0,744.0
2016-06-14,1301,1371,168,6,-75.0,746.0
2016-06-15,1300,1372,169,6,-74.0,745.0
2016-06-16,1303,1373,169,6,-74.0,746.0
2016-06-17,1302,1374,170,6,-75.0,748.0
2016-06-18,1304,1375,170,6,-73.0,749.0
2016-06-19,1305,1376,171,6,-75.0,749.0
2016-06-20,1306,1377,172,6,-76.0,749.0
2016-06-21,1308,1378,172,6,-76.0,751.0
2016-06-23,1307,1379,173,6,-77.0,751.0
2016-06-24,1311,1380,173,6,-74.0,751.0
2016-06-25,1309,1381,174,6,-73.0,751.0
2016-06-26,1310,1382,174,6,-76.0,752.0
2016-06-27,1312,1383,175,6,-73.0,752.0
2016-06-28,1313,1384,176,6,-74.0,753.0
2016-06-29,1314,1385,176,6,-75.0,755.0
2016-06-30,1315,1386,177,6,-74.0,755.0
2016-07-01,1316,1387,177,6,-74.0,755.0
2016-07-02,1317,1388,178,6,-73.0,756.0
2016-07-12,1318,1398,184,7,-66.0,751.0
2016-07-13,1319,1399,184,7,-73.0,770.0
2016-07-14,1322,1400,185,7,-73.0,770.0
2016-07-15,1321,1401,185,7,-73.0,770.0
2016-07-16,1320,1402,186,7,-75.0,771.0
2016-07-17,1323,1403,187,7,-75.0,771.0
2016-07-18,1324,1404,187,7,-75.0,774.0
2016-07-19,1325,1405,188,7,-75.0,775.0
2016-07-20,1328,1406,188,7,-76.0,775.0
2016-07-21,1329,1407,189,7,-74.0,779.0
2016-07-22,1327,1408,190,7,-75.0,779.0
2016-07-23,1326,1409,190,7,-74.0,781.0
2016-07-24,1330,1410,191,7,-72.0,782.0
2016-07-25,1331,1411,191,7,-72.0,782.0
2016-07-26,1333,1412,192,7,-78.0,784.0
2016-07-27,1332,1413,193,7,-72.0,784.0
2016-07-28,1336,1414,193,7,-73.0,785.0
2016-07-29,1334,1415,194,7,-72.0,787.0
2016-07-31,1335,1416,194,7,-72.0,791.0
2016-08-01,1337,1417,195,7,-70.0,791.0
2016-08-02,1338,1418,196,7,-73.0,793.0
2016-08-03,1339,1419,196,7,-73.0,793.0
2016-08-04,1340,1420,197,7,-71.0,793.0
2016-08-05,1343,1421,197,7,-72.0,797.0
2016-08-06,1342,1422,198,7,-72.0,798.0
2016-08-07,1341,1423,199,7,-71.0,800.0
2016-08-08,1344,1424,199,7,-72.0,803.0
2016-08-09,1345,1425,200,7,-72.0,804.0
2016-08-10,1346,1426,200,7,-71.0,803.0
2016-08-11,1347,1427,201,7,-72.0,807.0
2016-08-12,1348,1428,202,7,-72.0,808.0
2016-08-13,1349,1429,202,7,-70.0,810.0
2016-08-14,1351,1430,203,7,-69.0,810.0
2016-08-15,1350,1431,204,7,-69.0,811.0
2016-08-16,1352,1432,204,7,-71.0,813.0
2016-08-17,1353,1433,205,7,-70.0,818.0
2016-08-18,1356,1434,205,7,-70.0,818.0
2016-08-19,1355,1435,206,7,-71.0,823.0
2016-08-20,1354,1436,207,7,-72.0,825.0
2016-08-21,1357,1437,207,7,-71.0,821.0
2016-08-22,1358,1438,208,7,-68.0,823.0
2016-08-23,1360,1439,208,7,-71.0,828.0
2016-08-24,1359,1440,209,7,-70.0,828.0
2016-08-25,1361,1441,210,8,-74.0,828.0
2016-08-26,1362,1442,210,8,-68.0,829.0
2016-08-27,1363,1443,211,8,-69.0,831.0
2016-08-28,1364,1444,212,8,-69.0,833.0
2016-08-29,1365,1445,212,8,-69.0,836.0
2016-08-30,1366,1446,213,8,-70.0,841.0
2016-08-31,1367,1447,214,8,-74.0,841.0
2016-09-01,1369,1448,214,8,-69.0,841.0
2016-09-02,1368,1449,215,8,-71.0,841.0
2016-09-03,1370,1450,215,8,-69.0,842.0
2016-09-04,1371,1451,216,8,-71.0,842.0
2016-09-06,1373,1452,217,8,-74.0,845.0
2016-09-07,1372,1453,217,8,-73.0,850.0
2016-09-08,1374,1454,218,8,-69.0,854.0
2016-09-09,1377,1455,219,8,-70.0,858.0
2016-09-10,1376,1456,219,8,-69.0,859.0
2016-09-11,1375,1457,220,8,-69.0,860.0
2016-09-12,1378,1458,220,8,-69.0,859.0
2016-09-13,1379,1459,221,8,-71.0,861.0
2016-09-14,1380,1460,222,8,-70.0,865.0
2016-09-15,1382,1461,222,8,-69.0,870.0
2016-09-16,1381,1462,223,8,-68.0,871.0
2016-09-17,1383,1463,224,8,-68.0,871.0
2016-09-18,1384,1464,224,8,-71.0,871.0
2016-09-19,1385,1465,225,8,-68.0,870.0
2016-09-20,1386,1466,226,8,-67.0,873.0
2016-09-21,1387,1467,226,8,-69.0,877.0
2016-09-22,1388,1468,227,8,-70.0,879.0
2016-09-23,1389,1469,228,8,-72.0,881.0
2016-09-24,1391,1470,228,8,-70.0,879.0
2016-09-25,1392,1471,229,8,-71.0,880.0
2016-09-26,1390,1472,229,8,-68.0,879.0
2016-09-27,1393,1473,230,8,-67.0,881.0
2016-09-28,1394,1474,231,8,-68.0,889.0
2016-09-29,1396,1475,231,8,-72.0,890.0
2016-09-30,1395,1476,232,8,-69.0,888.0
2016-10-01,1397,1477,233,8,-72.0,888.0
2016-10-02,1399,1478,233,8,-68.0,887.0
2016-10-03,1398,1479,234,8,-66.0,890.0
2016-10-04,1400,1480,235,8,-68.0,893.0
2016-10-05,1401,1481,235,8,-70.0,893.0
2016-10-06,1403,1482,236,8,-68.0,893.0
2016-10-07,1402,1483,237,8,-68.0,892.0
2016-10-08,1404,1484,237,8,-68.0,895.0
2016-10-09,1405,1485,238,8,-71.0,899.0
2016-10-10,1406,1486,239,8,-71.0,901.0
2016-10-11,1407,1487,239,8,-68.0,901.0
2016-10-12,1408,1488,240,9,-69.0,902.0
2016-10-14,1410,1489,240,9,-68.0,903.0
2016-10-15,1411,1490,241,9,-66.0,904.0
2016-10-16,1409,1491,242,9,-69.0,906.0
2016-10-17,1412,1492,242,9,-68.0,910.0
2016-10-18,1413,1493,243,9,-70.0,905.0
2016-10-19,1414,1494,244,9,-70.0,904.0
2016-10-20,1416,1495,244,9,-71.0,903.0
2016-10-21,1415,1496,245,9,-72.0,906.0
2016-10-22,1417,1497,246,9,-68.0,909.0
2016-10-23,1418,1498,246,9,-68.0,907.0
2016-10-24,1419,1499,247,9,-69.0,903.0
2016-10-25,1420,1500,248,9,-70.0,903.0
2016-10-26,1421,1501,248,9,-69.0,903.0
2016-10-27,1422,1502,249,9,-69.0,907.0
2016-10-28,1424,1503,250,9,-70.0,909.0
2016-10-29,1423,1504,250,9,-69.0,910.0
2016-10-30,1425,1505,251,9,-69.0,906.0
2016-10-31,1426,1506,252,9,-71.0,907.0
2016-11-01,1427,1507,252,9,-70.0,907.0
2016-11-02,1428,1508,253,9,-70.0,907.0
2016-11-03,1430,1509,254,9,-70.0,910.0
2016-11-04,1431,1510,254,9,-70.0,908.0
2016-11-05,1429,1511,255,9,-77.0,908.0
2016-11-06,1432,1512,255,9,-78.0,906.0
2016-11-07,1433,1513,256,9,-74.0,907.0
2016-11-08,1434,1514,257,9,-73.0,906.0
2016-11-09,1435,1515,257,9,-76.0,906.0
2016-11-10,1436,1516,258,9,-71.0,909.0
2016-11-11,1437,1517,259,9,-76.0,911.0
2016-11-12,1438,1518,259,9,-78.0,909.0
2016-11-13,1440,1519,260,9,-72.0,906.0
2016-11-14,1439,1520,261,9,-73.0,905.0
2016-11-15,1441,1521,261,9,-71.0,905.0
2016-11-16,1442,1522,262,9,-71.0,905.0
2016-11-17,1443,1523,263,9,-77.0,905.0
2016-11-18,1444,1524,263,9,-76.0,904.0
2016-11-20,1445,1525,264,9,-74.0,902.0
2016-11-21,1446,1526,265,9,-72.0,900.0
2016-11-22,1449,1527,265,9,-71.0,900.0
2016-11-23,1450,1528,266,9,-72.0,898.0
2016-11-24,1451,1529,267,9,-73.0,900.0
2016-11-25,1452,1530,267,9,-71.0,899.0
2016-11-26,1447,1531,268,9,-76.0,900.0
2016-11-27,1448,1532,268,9,-72.0,900.0
2016-11-28,1453,1533,269,9,-72.0,896.0
2016-11-29,1454,1534,270,10,-73.0,898.0
2016-11-30,1455,1535,270,10,-73.0,900.0
2016-12-01,1456,1536,271,10,-71.0,901.0
2016-12-02,1458,1537,272,10,-74.0,900.0
2016-12-03,1457,1538,272,10,-73.0,898.0
2016-12-04,1459,1539,273,10,-74.0,896.0
2016-12-05,1460,1540,274,10,-72.0,896.0
2016-12-06,1461,1541,274,10,-76.0,895.0
2016-12-07,1462,1542,275,10,-73.0,895.0
2016-12-08,1464,1543,276,10,-74.0,896.0
2016-12-09,1463,1544,276,10,-71.0,894.0
2016-12-10,1465,1545,277,10,-73.0,891.0
2016-12-11,1467,1546,277,10,-73.0,889.0
2016-12-12,1466,1547,278,10,-75.0,887.0
2016-12-13,1468,1548,279,10,-76.0,887.0
2016-12-14,1469,1549,279,10,-76.0,887.0
2016-12-15,1472,1550,280,10,-71.0,888.0
2016-12-16,1471,1551,281,10,-71.0,886.0
2016-12-17,1470,1552,281,10,-74.0,886.0
2016-12-18,1474,1553,282,10,-77.0,884.0
2016-12-19,1473,1554,283,10,-70.0,882.0
2016-12-20,1477,1555,283,10,-71.0,883.0
2016-12-21,1478,1556,284,10,-72.0,883.0
2016-12-22,1475,1557,284,10,-70.0,883.0
2016-12-23,1476,1558,285,10,-72.0,880.0
2016-12-24,1484,1559,286,10,-76.0,879.0
2016-12-25,1482,1560,286,10,-76.0,877.0
2016-12-27,1485,1561,287,10,-77.0,877.0
2016-12-28,1479,1562,288,10,-73.0,877.0
2016-12-29,1483,1563,288,10,-75.0,879.0
2016-12-30,1481,1564,289,10,-70.0,877.0
2016-12-31,1480,1565,290,10,-72.0,874.0
2017-01-01,1487,1566,290,10,-76.0,876.0
2017-01-02,1486,1567,291,10,-70.0,872.0
2017-01-03,1488,1568,291,10,-71.0,876.0
2017-01-04,1492,1569,292,10,-70.0,873.0
2017-01-05,1491,1570,293,10,-71.0,873.0
2017-01-06,1490,1571,293,10,-70.0,873.0
2017-01-07,1489,1572,294,10,-81.0,869.0
2017-01-08,1493,1573,295,10,-74.0,872.0
2017-01-09,1495,1574,295,10,-72.0,868.0
2017-01-10,1494,1575,296,10,-73.0,871.0
2017-01-11,1496,1576,296,10,-72.0,869.0
2017-01-12,1498,1577,297,10,-72.0,866.0
2017-01-13,1499,1578,298,10,-74.0,868.0
2017-01-14,1500,1579,298,10,-73.0,862.0
2017-01-15,1497,1580,299,10,-72.0,867.0
2017-01-16,1501,1581,299,10,-72.0,862.0
2017-01-17,1503,1582,300,11,-74.0,862.0
2017-01-18,1502,1583,301,11,-75.0,862.0
2017-01-19,1505,1584,301,11,-77.0,860.0
2017-01-20,1506,1585,302,11,-76.0,864.0
2017-01-21,1504,1586,303,11,-72.0,858.0
2017-01-22,1508,1587,303,11,-73.0,860.0
2017-01-23,1507,1588,304,11,-72.0,858.0
2017-01-24,1510,1589,304,11,-72.0,857.0
2017-01-25,1509,1590,305,11,-76.0,860.0
2017-01-26,1512,1591,306,11,-73.0,852.0
2017-01-27,1511,1592,306,11,-71.0,857.0
2017-01-28,1513,1593,307,11,-72.0,852.0
2017-01-29,1514,1594,307,11,-74.0,855.0
2017-01-30,1515,1595,308,11,-71.0,855.0
2017-01-31,1516,1596,309,11,-74.0,850.0
2017-02-01,1517,1597,309,11,-73.0,855.0
2017-02-03,1519,1598,310,11,-70.0,849.0
2017-02-04,1518,1599,310,11,-72.0,853.0
2017-02-05,1520,1600,311,11,-71.0,850.0
2017-02-06,1522,1601,312,11,-71.0,853.0
2017-02-07,1521,1602,312,11,-77.0,852.0
2017-02-08,1523,1603,313,11,-76.0,847.0
2017-02-09,1524,1604,313,11,-77.0,850.0
2017-02-10,1526,1605,314,11,-73.0,846.0
2017-02-11,1525,1606,315,11,-75.0,850.0
2017-02-12,1528,1607,315,11,-77.0,846.0
2017-02-13,1527,1608,316,11,-72.0,847.0
2017-02-14,1529,1609,316,11,-71.0,847.0
2017-02-18,1534,1613,319,11,-72.0,846.0
2017-02-19,1533,1614,319,11,-73.0,837.0
2017-02-20,1536,1615,320,11,-73.0,842.0
2017-02-21,1535,1616,320,11,-73.0,848.0
2017-02-22,1537,1617,321,11,-72.0,840.0
2017-02-23,1540,1618,322,11,-71.0,845.0
2017-02-24,1538,1619,322,11,-73.0,841.0
2017-02-25,1539,1620,323,11,-70.0,844.0
2017-02-26,1541,1621,323,11,-73.0,842.0
2017-02-27,1542,1622,324,11,-71.0,841.0
2017-02-28,1544,1623,324,11,-71.0,840.0
2017-03-01,1543,1624,325,11,-72.0,837.0
2017-03-02,1546,1625,326,11,-71.0,839.0
2017-03-03,1545,1626,326,11,-71.0,839.0
2017-03-04,1547,1627,327,11,-72.0,838.0
2017-03-05,1549,1628,327,11,-71.0,839.0
2017-03-06,1548,1629,328,11,-74.0,837.0
2017-03-07,1551,1630,328,11,-77.0,838.0
2017-03-08,1550,1631,329,11,-77.0,837.0
2017-03-09,1552,1632,330,12,-72.0,836.0
2017-03-10,1554,1633,330,12,-75.0,834.0
2017-03-12,1553,1634,331,12,-72.0,834.0
2017-03-13,1555,1635,331,12,-73.0,833.0
2017-03-14,1556,1636,332,12,-72.0,834.0
2017-03-15,1557,1637,332,12,-73.0,833.0
2017-03-16,1559,1638,333,12,-73.0,833.0
2017-03-17,1558,1639,334,12,-71.0,832.0
2017-03-18,1561,1640,334,12,-72.0,832.0
2017-03-19,1560,1641,335,12,-72.0,831.0
2017-03-20,1564,1642,335,12,-72.0,829.0
2017-03-21,1563,1643,336,12,-74.0,832.0
2017-03-22,1562,1644,336,12,-74.0,832.0
2017-03-23,1567,1645,337,12,-74.0,832.0
2017-03-24,1565,1646,337,12,-74.0,831.0
2017-03-25,1566,1647,338,12,-73.0,831.0
2017-03-26,1568,1648,339,12,-73.0,830.0
2017-03-27,1569,1649,339,12,-74.0,830.0
2017-03-28,1570,1650,340,12,-75.0,833.0
2017-03-29,1571,1651,340,12,-77.0,833.0
2017-03-30,1572,1652,341,12,-76.0,834.0
2017-03-31,1573,1653,341,12,-75.0,833.0
2017-04-01,1575,1654,342,12,-75.0,829.0
2017-04-02,1574,1655,342,12,-76.0,831.0
2017-04-03,1576,1656,343,12,-75.0,832.0
2017-04-04,1578,1657,343,12,-75.0,836.0
2017-04-05,1577,1658,344,12,-77.0,835.0
2017-04-06,1579,1659,345,12,-77.0,832.0
2017-04-07,1581,1660,345,12,-74.0,832.0
2017-04-08,1580,1661,346,12,-75.0,831.0
2017-04-09,1583,1662,346,12,-75.0,831.0
2017-04-10,1584,1663,347,12,-74.0,832.0
2017-04-11,1586,1664,347,12,-74.0,832.0
2017-04-12,1585,1665,348,12,-76.0,833.0
2017-04-13,1582,1666,348,12,-76.0,834.0
2017-04-14,1588,1667,349,12,-76.0,833.0
2017-04-15,1587,1668,349,12,-77.0,831.0
2017-04-16,1589,1669,350,12,-74.0,833.0
2017-04-18,1590,1670,350,12,-76.0,834.0
2017-04-19,1591,1671,351,12,-76.0,832.0
2017-04-20,1592,1672,351,12,-74.0,833.0
2017-04-21,1594,1673,352,12,-75.0,836.0
2017-04-22,1593,1674,352,12,-75.0,835.0
2017-04-23,1595,1675,353,12,-75.0,835.0
2017-04-24,1596,1676,354,12,-76.0,837.0
2017-04-25,1597,1677,354,12,-74.0,835.0
2017-04-26,1598,1678,355,12,-74.0,836.0
2017-04-27,1599,1679,355,12,-75.0,836.0
2017-04-28,1601,1680,356,12,-74.0,835.0
2017-04-29,1602,1681,356,12,-74.0,837.0
2017-04-30,1603,1682,357,12,-76.0,839.0
2017-05-01,1600,1683,357,12,-75.0,837.0
2017-05-02,1604,1684,358,12,-75.0,837.0
2017-05-03,1605,1685,358,12,-77.0,838.0
2017-05-04,1607,1686,359,12,-75.0,838.0
2017-05-05,1608,1687,359,12,-75.0,838.0
2017-05-06,1606,1688,0,1,-76.0,840.0
2017-05-07,1610,1689,0,1,-75.0,840.0
2017-05-08,1609,1690,1,1,-76.0,840.0
2017-05-10,1614,1692,2,1,-62.0,820.0
2017-05-11,1612,1693,2,1,-76.0,840.0
2017-05-12,1613,1694,3,1,-76.0,840.0
2017-05-13,1611,1695,3,1,-77.0,840.0
2017-05-14,1615,1696,4,1,-75.0,841.0
2017-05-15,1616,1697,4,1,-77.0,841.0
2017-05-16,1618,1698,5,1,-77.0,842.0
2017-05-17,1617,1699,5,1,-76.0,843.0
2017-05-18,1619,1700,6,1,-76.0,842.0
2017-05-19,1620,1701,6,1,-76.0,841.0
2017-05-20,1621,1702,7,1,-75.0,842.0
2017-05-21,1622,1703,7,1,-76.0,843.0
2017-05-22,1625,1704,8,1,-77.0,844.0
2017-05-23,1623,1705,8,1,-76.0,845.0
2017-05-24,1624,1706,9,1,-77.0,845.0
2017-05-26,1627,1707,9,1,-77.0,846.0
2017-05-27,1626,1708,10,1,-76.0,846.0
2017-05-28,1628,1709,10,1,-76.0,847.0
2017-05-29,1629,1710,11,1,-76.0,848.0
2017-05-30,1631,1711,11,1,-75.0,848.0
2017-05-31,1630,1712,12,1,-77.0,849.0
2017-06-01,1635,1713,12,1,-75.0,850.0
2017-06-02,1633,1714,13,1,-77.0,849.0
2017-06-03,1634,1715,13,1,-77.0,851.0
2017-06-04,1632,1716,14,1,-76.0,850.0
2017-06-05,1636,1717,14,1,-76.0,851.0
2017-06-06,1637,1718,15,1,-77.0,852.0
2017-06-07,1639,1719,15,1,-77.0,853.0
2017-06-08,1638,1720,16,1,-76.0,853.0
2017-06-09,1641,1721,16,1,-76.0,852.0
2017-06-10,1640,1722,17,1,-77.0,854.0
2017-06-11,1642,1723,17,1,-76.0,854.0
2017-06-12,1643,1724,18,1,-77.0,856.0
2017-06-13,1644,1725,18,1,-79.0,857.0
2017-06-14,1645,1726,19,1,-76.0,855.0
2017-06-15,1647,1727,19,1,-75.0,855.0
2017-06-16,1648,1728,20,1,-76.0,855.0
2017-06-17,1646,1729,20,1,-76.0,858.0
2017-06-18,1650,1730,21,1,-77.0,858.0
2017-06-19,1649,1731,21,1,-78.0,857.0
2017-06-20,1651,1732,22,1,-78.0,858.0
2017-06-21,1652,1733,22,1,-77.0,859.0
2017-06-22,1655,1734,23,1,-78.0,859.0
2017-06-23,1653,1735,23,1,-78.0,861.0
2017-06-24,1654,1736,23,1,-77.0,860.0
2017-06-25,1656,1737,24,1,-78.0,861.0
2017-06-26,1657,1738,24,1,-78.0,861.0
2017-06-27,1658,1739,25,1,-77.0,861.0
2017-06-28,1662,1740,25,1,-78.0,861.0
2017-06-29,1659,1741,26,1,-78.0,863.0
2017-06-30,1661,1742,26,1,-77.0,865.0
2017-07-02,1660,1743,27,1,-78.0,863.0
2017-07-03,1663,1744,27,1,-78.0,863.0
2017-07-04,1664,1745,28,1,-78.0,865.0
2017-07-05,1665,1746,28,1,-76.0,866.0
2017-07-06,1666,1747,29,1,-79.0,866.0
2017-07-07,1668,1748,29,1,-79.0,867.0
2017-07-08,1667,1749,30,2,-76.0,867.0
2017-07-09,1669,1750,30,2,-77.0,867.0
2017-07-10,1670,1751,31,2,-78.0,867.0
2017-07-11,1671,1752,31,2,-80.0,867.0
2017-07-12,1672,1753,32,2,-76.0,868.0
2017-07-13,1673,1754,32,2,-78.0,870.0
2017-07-14,1674,1755,32,2,-77.0,870.0
2017-07-15,1675,1756,33,2,-78.0,871.0
2017-07-16,1676,1757,33,2,-78.0,871.0
2017-07-17,1677,1758,34,2,-78.0,871.0
2017-07-18,1678,1759,34,2,-77.0,871.0
2017-07-19,1679,1760,35,2,-78.0,872.0
2017-07-20,1684,1761,35,2,-77.0,872.0
2017-07-21,1687,1762,36,2,-77.0,872.0
2017-07-22,1680,1763,36,2,-78.0,873.0
2017-07-23,1682,1764,37,2,-79.0,872.0
2017-07-24,1690,1765,37,2,-77.0,873.0
2017-07-25,1688,1766,38,2,-79.0,873.0
2017-07-26,1691,1767,38,2,-77.0,874.0
2017-07-27,1683,1768,39,2,-78.0,875.0
2017-07-28,1689,1769,39,2,-76.0,875.0
2017-07-29,1686,1770,39,2,-79.0,875.0
2017-07-30,1692,1771,40,2,-79.0,876.0
2017-07-31,1681,1772,40,2,-78.0,876.0
2017-08-01,1685,1773,41,2,-78.0,876.0
2017-08-02,1693,1774,41,2,-79.0,877.0
2017-08-03,1694,1775,42,2,-80.0,877.0
2017-08-04,1696,1776,42,2,-79.0,877.0
2017-08-05,1695,1777,43,2,-79.0,877.0
2017-08-06,1697,1778,43,2,-81.0,877.0
2017-08-07,1698,1779,44,2,-78.0,878.0
2017-08-09,1699,1780,44,2,-77.0,879.0
2017-08-10,1700,1781,45,2,-78.0,879.0
2017-08-11,1701,1782,45,2,-78.0,878.0
2017-08-12,1703,1783,45,2,-79.0,879.0
2017-08-13,1702,1784,46,2,-80.0,883.0
2017-08-14,1704,1785,46,2,-77.0,881.0
2017-08-16,1705,1787,47,2,-79.0,881.0
2017-08-17,1706,1788,48,2,-79.0,881.0
2017-08-18,1708,1789,48,2,-79.0,881.0
2017-08-19,1707,1790,49,2,-81.0,882.0
2017-08-20,1709,1791,49,2,-79.0,882.0
2017-08-21,1710,1792,50,2,-80.0,883.0
2017-08-22,1711,1793,50,2,-80.0,883.0
2017-08-23,1712,1794,50,2,-80.0,883.0
2017-08-24,1714,1795,51,2,-81.0,882.0
2017-08-25,1715,1796,51,2,-80.0,883.0
2017-08-26,1713,1797,52,2,-79.0,884.0
2017-08-27,1716,1798,52,2,-79.0,883.0
2017-08-28,1717,1799,53,2,-78.0,883.0
2017-08-29,1718,1800,53,2,-80.0,883.0
2017-08-30,1719,1801,54,2,-80.0,882.0
2017-08-31,1722,1802,54,2,-79.0,882.0
2017-09-01,1723,1803,55,2,-78.0,882.0
2017-09-02,1720,1804,55,2,-78.0,883.0
2017-09-03,1721,1805,55,2,-78.0,883.0
2017-09-04,1724,1806,56,2,-80.0,884.0
2017-09-05,1725,1807,56,2,-78.0,884.0
2017-09-06,1726,1808,57,2,-79.0,884.0
2017-09-07,1728,1809,57,2,-80.0,884.0
2017-09-08,1729,1810,58,2,-78.0,883.0
2017-09-09,1727,1811,58,2,-79.0,882.0
2017-09-10,1730,1812,59,2,-79.0,882.0
2017-09-11,1731,1813,59,2,-80.0,881.0
2017-09-12,1732,1814,59,2,-80.0,881.0
2017-09-13,1733,1815,60,3,-81.0,881.0
2017-09-15,1734,1816,60,3,-82.0,882.0
2017-09-16,1735,1817,61,3,-80.0,882.0
2017-09-17,1736,1818,61,3,-81.0,881.0
2017-09-18,1737,1819,62,3,-82.0,880.0
2017-09-19,1738,1820,62,3,-79.0,881.0
2017-09-20,1740,1821,63,3,-81.0,882.0
2017-09-21,1739,1822,63,3,-78.0,881.0
2017-09-22,1743,1823,64,3,-80.0,879.0
2017-09-23,1742,1824,64,3,-80.0,879.0
2017-09-24,1741,1825,64,3,-80.0,878.0
2017-09-25,1744,1826,65,3,-80.0,878.0
2017-09-26,1745,1827,65,3,-80.0,879.0
2017-09-27,1746,1828,66,3,-80.0,878.0
2017-09-28,1749,1829,66,3,-78.0,877.0
2017-09-29,1748,1830,67,3,-80.0,877.0
2017-09-30,1747,1831,67,3,-80.0,876.0
2017-10-01,1750,1832,68,3,-84.0,875.0
2017-10-02,1751,1833,68,3,-81.0,875.0
2017-10-03,1752,1834,68,3,-80.0,875.0
2017-10-04,1753,1835,69,3,-80.0,873.0
2017-10-05,1755,1836,69,3,-81.0,873.0
2017-10-06,1756,1837,70,3,-81.0,872.0
2017-10-07,1754,1838,70,3,-79.0,872.0
2017-10-08,1757,1839,71,3,-80.0,872.0
2017-10-09,1758,1840,71,3,-77.0,871.0
2017-10-10,1759,1841,72,3,-77.0,870.0
2017-10-11,1761,1842,72,3,-79.0,869.0
2017-10-12,1760,1843,72,3,-80.0,869.0
2017-10-13,1762,1844,73,3,-81.0,869.0
2017-10-14,1763,1845,73,3,-80.0,868.0
2017-10-15,1765,1846,74,3,-80.0,868.0
2017-10-16,1764,1847,74,3,-80.0,866.0
2017-10-17,1766,1848,75,3,-80.0,865.0
2017-10-18,1770,1849,75,3,-80.0,864.0
2017-10-19,1768,1850,76,3,-80.0,864.0
2017-10-20,1767,1851,76,3,-87.0,864.0
2017-10-22,1769,1852,77,3,-80.0,863.0
2017-10-23,1771,1853,77,3,-80.0,862.0
2017-10-24,1772,1854,77,3,-80.0,861.0
2017-10-25,1773,1855,78,3,-78.0,861.0
2017-10-26,1774,1856,78,3,-80.0,859.0
2017-10-27,1776,1857,79,3,-80.0,858.0
2017-10-28,1775,1858,79,3,-81.0,857.0
2017-10-29,1779,1859,80,3,-79.0,857.0
2017-10-30,1778,1860,80,3,-80.0,857.0
2017-10-31,1780,1861,81,3,-79.0,855.0
2017-11-01,1777,1862,81,3,-81.0,854.0
2017-11-02,1781,1863,81,3,-80.0,853.0
2017-11-03,1782,1864,82,3,-82.0,852.0
2017-11-04,1783,1865,82,3,-80.0,852.0
2017-11-05,1785,1866,83,3,-80.0,850.0
2017-11-06,1784,1867,83,3,-78.0,848.0
2017-11-07,1786,1868,84,3,-80.0,848.0
2017-11-08,1787,1869,84,3,-81.0,846.0
2017-11-09,1788,1870,85,3,-81.0,845.0
2017-11-10,1789,1871,85,3,-80.0,844.0
2017-11-11,1791,1872,86,3,-79.0,843.0
2017-11-12,1790,1873,86,3,-79.0,842.0
2017-11-13,1792,1874,86,3,-80.0,840.0
2017-11-14,1793,1875,87,3,-79.0,839.0
2017-11-15,1794,1876,87,3,-79.0,838.0
2017-11-16,1797,1877,88,3,-79.0,837.0
2017-11-17,1795,1878,88,3,-79.0,835.0
2017-11-18,1796,1879,89,3,-79.0,834.0
2017-11-19,1798,1880,89,3,-79.0,833.0
2017-11-20,1803,1881,90,4,-79.0,832.0
2017-11-21,1801,1882,90,4,-78.0,831.0
2017-11-22,1800,1883,91,4,-78.0,830.0
2017-11-23,1799,1884,91,4,-79.0,829.0
2017-11-24,1804,1885,91,4,-79.0,827.0
2017-11-25,1805,1886,92,4,-79.0,826.0
2017-11-26,1802,1887,92,4,-79.0,824.0
2017-11-27,1807,1888,93,4,-79.0,823.0
2017-11-29,1806,1889,93,4,-80.0,822.0
2017-11-30,1808,1890,94,4,-79.0,821.0
2017-12-01,1810,1891,94,4,-80.0,819.0
2017-12-02,1809,1892,95,4,-81.0,817.0
2017-12-03,1812,1893,95,4,-79.0,816.0
2017-12-04,1811,1894,96,4,-79.0,815.0
2017-12-05,1814,1895,96,4,-78.0,814.0
2017-12-06,1813,1896,96,4,-79.0,812.0
2017-12-07,1817,1897,97,4,-80.0,811.0
2017-12-08,1816,1898,97,4,-81.0,810.0
2017-12-09,1815,1899,98,4,-81.0,808.0
2017-12-10,1818,1900,98,4,-81.0,807.0
2017-12-11,1819,1901,99,4,-81.0,806.0
2017-12-12,1820,1902,99,4,-79.0,804.0
2017-12-13,1821,1903,100,4,-78.0,803.0
2017-12-14,1822,1904,100,4,-79.0,801.0
2017-12-15,1823,1905,101,4,-80.0,800.0
2017-12-16,1824,1906,101,4,-79.0,799.0
2017-12-17,1825,1907,101,4,-79.0,798.0
2017-12-18,1826,1908,102,4,-79.0,796.0
2017-12-19,1827,1909,102,4,-80.0,795.0
2017-12-20,1828,1910,103,4,-80.0,794.0
2017-12-21,1833,1911,103,4,-79.0,792.0
2017-12-22,1832,1912,104,4,-80.0,791.0
2017-12-23,1830,1913,104,4,-79.0,791.0
2017-12-24,1834,1914,105,4,-78.0,790.0
2017-12-25,1835,1915,105,4,-78.0,788.0
2017-12-26,1829,1916,106,4,-79.0,787.0
2017-12-27,1831,1917,106,4,-80.0,786.0
2017-12-28,1839,1918,107,4,-77.0,784.0
2017-12-29,1836,1919,107,4,-77.0,783.0
2017-12-30,1837,1920,108,4,-77.0,782.0
2017-12-31,1838,1921,108,4,-78.0,781.0
2018-01-01,1840,1922,108,4,-79.0,780.0
2018-01-02,1842,1923,109,4,-77.0,778.0
2018-01-03,1841,1924,109,4,-78.0,777.0
2018-01-05,1844,1925,110,4,-79.0,777.0
2018-01-06,1843,1926,110,4,-80.0,775.0
2018-01-07,1845,1927,111,4,-79.0,774.0
2018-01-08,1847,1928,111,4,-78.0,773.0
2018-01-09,1846,1929,112,4,-79.0,771.0
2018-01-10,1848,1930,112,4,-79.0,770.0
2018-01-11,1849,1931,113,4,-79.0,770.0
2018-01-12,1850,1932,113,4,-79.0,768.0
2018-01-13,1852,1933,114,4,-78.0,767.0
2018-01-14,1851,1934,114,4,-79.0,766.0
2018-01-15,1853,1935,115,4,-80.0,765.0
2018-01-16,1855,1936,115,4,-79.0,764.0
2018-01-17,1854,1937,116,4,-80.0,763.0
2018-01-18,1859,1938,116,4,-78.0,762.0
2018-01-19,1857,1939,116,4,-78.0,760.0
2018-01-20,1858,1940,117,4,-77.0,759.0
2018-01-21,1856,1941,117,4,-77.0,758.0
2018-01-22,1860,1942,118,4,-78.0,757.0
2018-01-23,1863,1943,118,4,-78.0,756.0
2018-01-24,1861,1944,119,4,-80.0,755.0
2018-01-25,1862,1945,119,4,-78.0,754.0
2018-01-26,1864,1946,120,5,-79.0,753.0
2018-01-27,1865,1947,120,5,-78.0,751.0
2018-01-28,1866,1948,121,5,-78.0,752.0
2018-01-29,1867,1949,121,5,-78.0,751.0
2018-01-30,1868,1950,122,5,-79.0,750.0
2018-01-31,1869,1951,122,5,-77.0,749.0
2018-02-01,1871,1952,123,5,-80.0,748.0
2018-02-02,1870,1953,123,5,-78.0,747.0
2018-02-03,1872,1954,124,5,-77.0,745.0
2018-02-04,1873,1955,124,5,-77.0,745.0
2018-02-05,1879,1956,125,5,-79.0,744.0
2018-02-06,1875,1957,125,5,-77.0,742.0
2018-02-07,1874,1958,126,5,-77.0,741.0
2018-02-08,1878,1959,126,5,-78.0,740.0
2018-02-09,1876,1960,127,5,-78.0,740.0
2018-02-11,1877,1961,127,5,-77.0,740.0
2018-02-12,1880,1962,128,5,-78.0,738.0
2018-02-13,1881,1963,128,5,-77.0,737.0
2018-02-14,1882,1964,129,5,-76.0,736.0
2018-02-15,1883,1965,129,5,-76.0,735.0
2018-02-16,1884,1966,130,5,-77.0,735.0
2018-02-17,1885,1967,130,5,-76.0,734.0
2018-02-18,1886,1968,131,5,-76.0,732.0
2018-02-19,1887,1969,131,5,-76.0,732.0
2018-02-20,1888,1970,132,5,-77.0,731.0
2018-02-21,1890,1971,132,5,-78.0,731.0
2018-02-22,1891,1972,133,5,-78.0,730.0
2018-02-23,1889,1973,133,5,-78.0,730.0
2018-02-24,1892,1974,134,5,-77.0,729.0
2018-02-25,1894,1975,134,5,-76.0,729.0
2018-02-26,1893,1976,135,5,-77.0,728.0
2018-02-27,1895,1977,135,5,-77.0,727.0
